Ticker,QuarterCount,LatestPeriodEnd,LatestAvailableDate,Error
ACB,77,2026-03-31,2026-05-15,
BID,62,2026-03-31,2026-05-15,
BSR,36,2026-03-31,2026-05-15,
CTG,68,2026-03-31,2026-05-15,
FPT,79,2026-03-31,2026-05-15,
GAS,58,2026-03-31,2026-05-15,
GVR,38,2026-03-31,2026-05-15,
HDB,51,2026-03-31,2026-05-15,
HPG,77,2026-03-31,2026-05-15,
LPB,49,2026-03-31,2026-05-15,
MBB,61,2026-03-31,2026-05-15,
MSN,66,2026-03-31,2026-05-15,
MWG,50,2026-03-31,2026-05-15,
PLX,54,2026-03-31,2026-05-15,
SAB,46,2026-03-31,2026-05-15,
SHB,69,2026-03-31,2026-05-15,
SSB,39,2026-03-31,2026-05-15,
SSI,77,2026-03-31,2026-05-15,
STB,80,2026-03-31,2026-05-15,
TCB,56,2026-03-31,2026-05-15,
TPB,50,2026-03-31,2026-05-15,
VCB,69,2026-03-31,2026-05-15,
VHM,41,2026-03-31,2026-05-15,
VIB,56,2026-03-31,2026-05-15,
VIC,76,2026-03-31,2026-05-15,
VJC,41,2026-03-31,2026-05-15,
VNM,85,2026-03-31,2026-05-15,
VPB,54,2026-03-31,2026-05-15,
VPL,21,2026-03-31,2026-05-15,
VRE,39,2026-03-31,2026-05-15,
