t,open,high,low,close,volume,date_vn,Ticker,Date,ret_1d_pct,ret_5d_pct,ret_20d_pct,ret_60d_pct,sma_20,sma_50,sma_200,ema_20,dist_sma20_pct,dist_sma50_pct,range_pct,body_pct,adv20_shares,volume_ratio_20,atr14,atr14_pct,rsi14,high_52w,low_52w,pos_52w_pct
1750118400,67.0,67.9,66.2,67.9,5760000,2025-06-17,MSN,2025-06-17,1.646706586826352,4.783950617283961,,,,,,64.91949498334603,,,2.544910179640723,1.3473053892215654,,,1.4285714285714302,2.103934357248056,66.66666666666671,,,
1750204800,67.9,67.9,66.6,67.5,5472800,2025-06-18,MSN,2025-06-18,-0.5891016200294641,4.166666666666674,,,,,,65.1652573658845,,,1.9145802650957455,-0.5891016200294634,,,1.4285714285714306,2.1164021164021194,67.22689075630254,,,
1750291200,67.0,67.5,66.1,67.5,5629600,2025-06-19,MSN,2025-06-19,0.0,2.583586626139822,,,,,,65.38761380722883,,,2.0740740740740824,0.7407407407407408,,,1.428571428571431,2.1164021164021203,76.19047619047619,,,
1750377600,67.4,67.6,66.8,67.5,6005100,2025-06-20,MSN,2025-06-20,0.0,3.2110091743119185,,,,,,65.58879344463561,,,1.185185185185181,0.14814814814813973,,,1.428571428571431,2.1164021164021203,75.96153846153845,,,
1750636800,66.8,68.0,66.2,68.0,5818700,2025-06-23,MSN,2025-06-23,0.7407407407407307,1.7964071856287456,,,65.185,,,65.81843216419412,4.318478177494822,,2.6666666666666625,1.777777777777782,5421975.0,1.073169832026153,1.4500000000000024,2.132352941176474,74.22680412371135,68.0,61.7,100.0
1750723200,68.9,69.3,68.3,69.2,6555800,2025-06-24,MSN,2025-06-24,1.764705882352935,1.9145802650957222,8.125000000000004,,65.44500000000001,,,66.14048624379468,5.737642295056911,,1.4705882352941175,0.4411764705882311,5512380.0,1.1892866602084762,1.4428571428571446,2.085053674649053,75.24752475247527,69.3,61.7,98.68421052631587
1750809600,69.7,70.4,69.1,70.3,7935800,2025-06-25,MSN,2025-06-25,1.5895953757225412,4.148148148148145,10.015649452269159,,65.765,,,66.53663041105233,6.895765224663575,,1.8786127167630222,0.8670520231213791,5708275.0,1.390227345388931,1.4000000000000026,1.99146514935989,73.68421052631578,70.4,61.7,98.85057471264358
1750896000,70.4,72.0,70.2,72.0,8624823,2025-06-26,MSN,2025-06-26,2.4182076813655806,6.666666666666665,13.564668769716093,,66.19500000000001,,,67.05695132428544,8.769544527532268,,2.5604551920341354,2.275960170697005,5964141.15,1.4461131591427878,1.4071428571428595,1.9543650793650824,83.65384615384613,72.0,61.7,100.0
1750982400,72.3,76.9,72.0,76.8,14084900,2025-06-27,MSN,2025-06-27,6.666666666666665,13.777777777777779,23.870967741935488,,66.935,,,67.98486072197254,14.738178830208405,,6.805555555555563,6.25,6467186.15,2.1779023633021604,1.6500000000000026,2.1484375000000036,94.40559440559443,76.9,61.7,99.34210526315785
1751241600,76.6,77.4,76.0,76.8,8370744,2025-06-30,MSN,2025-06-30,0.0,12.941176470588234,23.671497584541058,,67.66999999999999,,,68.82439779607039,13.491946209546345,,1.822916666666674,0.2604166666666704,6771338.35,1.2362022937459625,1.6500000000000026,2.1484375000000036,94.11764705882355,77.4,61.7,96.17834394904453
1751328000,76.2,76.7,74.9,75.2,6823100,2025-07-01,MSN,2025-07-01,-2.083333333333326,8.670520231213864,18.799368088467627,,68.265,,,69.43159800596844,10.158939427232117,,2.3437499999999964,-1.3020833333333335,6898428.35,0.9890803606012666,1.7071428571428586,2.2701367781155035,84.21052631578952,77.4,61.7,85.98726114649679
1751414400,75.0,76.3,74.6,75.2,4787500,2025-07-02,MSN,2025-07-02,0.0,6.970128022759603,17.316692667706725,,68.82000000000001,,,69.98096962444764,9.270560883464096,,2.260638297872344,0.2659574468085144,6793253.35,0.7047433318529185,1.7428571428571442,2.3176291793313086,83.09859154929582,77.4,61.7,85.98726114649679
1751500800,74.8,76.3,74.1,74.5,5988200,2025-07-03,MSN,2025-07-03,-0.9308510638297962,3.472222222222232,13.221884498480252,,69.25500000000001,,,70.41135346973834,7.57346039997111,,2.9255319148936207,-0.3989361702127622,6505393.35,0.9204977589863955,1.7928571428571445,2.4065196548418046,81.37931034482756,77.4,61.7,81.52866242038213
1751587200,74.7,75.0,73.7,74.6,4470400,2025-07-04,MSN,2025-07-04,0.13422818791946067,-2.864583333333337,14.769230769230756,,69.735,,,70.81027218690612,6.976410697641056,,1.744966442953016,-0.13422818791947452,6522783.35,0.6853515991758334,1.7714285714285734,2.374569130601305,79.54545454545453,77.4,61.7,82.16560509554132
1751846400,75.0,75.7,74.3,74.8,5874900,2025-07-07,MSN,2025-07-07,0.2680965147453085,-2.604166666666663,16.692667706708274,,70.27,,,71.19024626434363,6.446563256012516,,1.876675603217166,-0.26809651474531215,6564953.35,0.8948883086884388,1.750000000000002,2.339572192513372,78.04878048780485,77.4,61.7,83.43949044585982
1751932800,74.9,76.2,74.6,75.6,7088700,2025-07-08,MSN,2025-07-08,1.0695187165775444,0.5319148936170137,16.666666666666675,,70.81,,,71.61022281059661,6.7645812738313715,,2.1390374331550914,0.9358288770053325,6638288.35,1.0678505702452652,1.7714285714285734,2.343159486016632,81.88976377952756,77.4,61.7,88.53503184713368
1752019200,76.5,76.5,75.4,75.8,7231700,2025-07-09,MSN,2025-07-09,0.2645502645502784,0.7978723404255206,16.975308641975317,,71.36,,,72.00924920958741,6.221973094170408,,1.4550264550264476,-0.9259259259259297,6857348.35,1.0545913129817883,1.750000000000001,2.3087071240105557,82.17054263565893,77.4,61.7,89.80891719745217
1752105600,76.0,78.4,75.9,76.9,12326900,2025-07-10,MSN,2025-07-10,1.451187335092352,3.2214765100671228,16.869300911854126,,71.91499999999999,,,72.47503499915051,6.931794479593978,,3.2981530343007917,1.1873350923482926,7130383.35,1.7287850308917823,1.8785714285714303,2.442875719858817,83.57142857142858,78.4,61.7,91.0179640718563
1752192000,76.8,77.5,76.1,76.5,8284200,2025-07-11,MSN,2025-07-11,-0.5201560468140465,2.5469168900804418,16.972477064220183,,72.47,,,72.85836499923141,5.560921760728577,,1.820546163849162,-0.3901170351105294,7249038.35,1.1427998584115644,1.8500000000000025,2.4183006535947746,80.5755395683453,78.4,61.7,88.62275449101793
1752451200,76.9,77.1,74.6,75.3,6527400,2025-07-14,MSN,2025-07-14,-1.5686274509803977,0.6684491978609541,12.72455089820359,,72.89500000000001,,,73.09090166597127,3.299266067631512,,3.2679738562091507,-2.0915032679738674,7183063.35,0.9087209289334752,1.9357142857142884,2.5706697021438094,71.94244604316543,78.4,61.7,81.43712574850295
1752537600,75.3,76.7,74.5,74.5,8071700,2025-07-15,MSN,2025-07-15,-1.0624169986719778,-1.4550264550264425,9.720176730485996,,73.225,,,73.22510150730734,1.7412086036189933,,2.9216467463479456,-1.0624169986719751,7298648.35,1.1059170976500055,2.000000000000002,2.684563758389265,65.44117647058823,78.4,61.7,76.64670658682631
1752624000,74.3,75.5,74.0,75.0,6128400,2025-07-16,MSN,2025-07-16,0.6711409395973256,-1.055408970976246,11.111111111111116,,73.6,,,73.39413945899236,1.9021739130434812,,2.013422818791946,0.9395973154362454,7331428.35,0.8359080533058746,1.9785714285714309,2.638095238095241,62.096774193548384,78.4,61.7,79.64071856287423
1752710400,75.8,77.3,75.6,76.2,10772700,2025-07-17,MSN,2025-07-17,1.6000000000000014,-0.9102730819245841,12.888888888888882,,74.035,,,73.66136427242165,2.9242925643276907,,2.26666666666667,0.533333333333341,7588583.35,1.4195930258840737,1.7928571428571445,2.3528308961379847,46.59090909090913,78.4,61.7,86.8263473053892
1752796800,76.5,81.0,76.5,79.1,14574300,2025-07-18,MSN,2025-07-18,3.8057742782152015,3.3986928104575043,17.18518518518517,,74.615,,,74.17932957981006,6.010855726060438,,5.905511811023622,3.4120734908136408,8017043.35,1.8179145806913968,2.035714285714287,2.5735958100054197,59.829059829059815,81.0,61.7,90.15544041450774
1753056000,79.6,79.8,77.5,77.5,7866900,2025-07-21,MSN,2025-07-21,-2.0227560050568805,2.921646746347939,13.970588235294112,,75.09,,,74.49558390554243,3.2094819549873366,,2.907711757269276,-2.654867256637161,8119453.35,0.9688952766752457,2.064285714285716,2.663594470046085,59.829059829059815,81.0,61.7,81.86528497409327
1753142400,77.3,78.4,76.6,77.7,7375500,2025-07-22,MSN,2025-07-22,0.2580645161290418,4.29530201342283,12.28323699421965,,75.515,,,74.80076639072887,2.89346487452824,,2.322580645161305,0.5161290322580719,8160438.35,0.9038117419268292,2.0714285714285734,2.665931237359811,60.50420168067226,81.0,61.7,82.90155440414509
1753228800,78.7,79.3,77.2,77.3,8228200,2025-07-23,MSN,2025-07-23,-0.5148005148005175,3.066666666666662,9.95732574679944,,75.865,,,75.03878863923087,1.8915178277203015,,2.702702702702695,-1.8018018018018092,8175058.35,1.0065004612474724,2.064285714285716,2.670486046941418,62.06896551724136,81.0,61.7,80.82901554404144
1753315200,77.5,77.5,75.4,76.0,16440600,2025-07-24,MSN,2025-07-24,-1.681759379042691,-0.2624671916010568,5.555555555555558,,76.065,,,75.13033257835174,-0.08545323078945621,,2.7166882276843394,-1.9404915912031049,8565847.2,1.919319784270726,2.1214285714285728,2.7913533834586484,55.468750000000014,81.0,61.7,74.09326424870466
1753401600,76.0,77.2,75.5,75.8,8684800,2025-07-25,MSN,2025-07-25,-0.2631578947368429,-4.171934260429833,-1.302083333333337,,76.015,,,75.19411042803253,-0.282838913372363,,2.2368421052631615,-0.2631578947368458,8295842.2,1.0468858725398609,2.1428571428571437,2.8269883151149653,53.90625,81.0,61.7,73.05699481865283
1753660800,76.2,78.6,75.9,77.6,12672700,2025-07-28,MSN,2025-07-28,2.37467018469657,0.1290322580645098,1.041666666666674,,76.05499999999999,,,75.42324276821991,2.0314246269147462,,3.56200527704484,1.8469656992084322,8510940.0,1.4889894653234543,2.2285714285714286,2.8718703976435935,57.2463768115942,81.0,61.7,82.38341968911914
1753747200,78.5,78.5,72.2,72.2,16023900,2025-07-29,MSN,2025-07-29,-6.958762886597924,-7.078507078507079,-3.9893617021276584,,75.905,,,75.11626726648468,-4.881101376720897,,8.118556701030926,-8.118556701030926,8970980.0,1.7861928128253546,2.6000000000000005,3.6011080332409975,40.5263157894737,81.0,61.7,54.40414507772021
1753833600,73.0,73.5,71.0,73.0,9483500,2025-07-30,MSN,2025-07-30,1.1080332409972193,-5.562742561448896,-2.92553191489362,,75.79499999999999,,,74.91471800300995,-3.6875783363018555,,3.462603878116343,0.0,9205780.0,1.0301680031458498,2.5928571428571425,3.5518590998043047,39.572192513368954,81.0,61.7,58.549222797927456
1753920000,73.1,73.4,70.8,72.5,9176600,2025-07-31,MSN,2025-07-31,-0.6849315068493178,-4.6052631578947345,-2.684563758389258,,75.695,,,74.68474485986614,-4.220886452209516,,3.56164383561645,-0.8219178082191704,9365200.0,0.9798616153419041,2.6785714285714284,3.694581280788177,39.36170212765957,81.0,61.7,55.95854922279793
1754006400,72.3,72.5,71.1,72.5,5598500,2025-08-01,MSN,2025-08-01,0.0,-4.353562005277045,-2.815013404825728,,75.59,,,74.47667392083127,-4.087842307183498,,1.9310344827586285,0.2758620689655212,9421605.0,0.5942193501001156,2.6000000000000005,3.5862068965517246,42.04545454545454,81.0,61.7,55.95854922279793
1754265600,72.1,74.0,71.8,73.9,5917800,2025-08-04,MSN,2025-08-04,1.93103448275862,-4.768041237113385,-1.2032085561497263,,75.545,71.08,,74.42175259503782,-2.177510093321855,3.9673607203151384,3.0344827586206935,2.482758620689671,9423750.0,0.627966573816156,2.6000000000000005,3.518267929634642,48.351648351648365,81.0,61.7,63.21243523316065
1754352000,74.0,77.2,73.5,74.6,18436200,2025-08-05,MSN,2025-08-05,0.9472259810554551,3.32409972299168,-1.3227513227513255,,75.49499999999999,71.292,,74.43872853836754,-1.1855089741042435,4.640071817314695,5.006765899864686,0.8119079837618325,9991125.0,1.8452576661787337,2.7571428571428576,3.6959019532746087,48.91304347826085,81.0,61.7,66.83937823834194
1754438400,75.6,76.8,75.2,76.0,9656300,2025-08-06,MSN,2025-08-06,1.8766756032171594,4.109589041095885,0.26385224274407815,,75.505,71.53399999999999,,74.58742105852302,0.655585722799823,6.243185058853151,2.144772117962459,0.5361930294906243,10112355.0,0.9549012074833212,2.750000000000001,3.6184210526315796,49.46236559139785,81.0,61.7,74.09326424870466
1754524800,76.4,77.8,75.8,76.2,9815900,2025-08-07,MSN,2025-08-07,0.263157894736854,5.103448275862066,-0.9102730819245841,,75.47,71.79,,74.74100000533035,0.9672717636146855,6.142916840785628,2.631578947368421,-0.2631578947368458,9986805.0,0.9828869192900032,2.550000000000001,3.3464566929133874,40.88050314465411,81.0,61.7,75.12953367875649
1754611200,76.5,77.7,75.6,76.7,11377400,2025-08-08,MSN,2025-08-08,0.6561679790026309,5.79310344827586,0.2614379084967311,,75.48,72.084,,74.92757143339412,1.6163222045574965,6.403640197547311,2.7559055118110347,0.2624671916010536,10141465.0,1.121869473493228,2.535714285714288,3.3060160178804274,47.297297297297305,81.0,61.7,77.72020725388602
1754870400,77.9,82.0,77.8,82.0,29731100,2025-08-11,MSN,2025-08-11,6.910039113428934,10.960757780784846,8.897742363877835,,75.815,72.482,,75.60113605878516,8.158016223702447,13.13153610551585,5.475880052151242,5.345501955671439,11301650.0,2.630686669645583,2.785714285714287,3.397212543554008,60.80402010050251,82.0,61.7,100.0
1754956800,85.0,86.0,82.3,83.6,13213200,2025-08-12,MSN,2025-08-12,1.9512195121951237,12.064343163538883,12.214765100671144,,76.27,72.888,,76.36293262461514,9.610593942572443,14.696520689276692,4.512195121951223,-1.7073170731707388,11558725.0,1.1431364618502473,2.921428571428573,3.49453178400547,64.92890995260665,86.0,61.7,90.12345679012344
1755043200,84.4,87.4,82.1,85.9,24211400,2025-08-13,MSN,2025-08-13,2.7511961722488154,13.026315789473685,14.533333333333331,,76.815,73.324,,77.27122475560418,11.827117099524841,17.151273798483444,6.3397129186603,1.7942583732057416,12462875.0,1.9426817648415795,3.1500000000000026,3.6670547147846357,72.39819004524888,87.4,61.7,94.16342412451361
1755129600,86.6,86.8,83.8,84.8,13527300,2025-08-14,MSN,2025-08-14,-1.2805587892898873,11.286089238845133,11.286089238845133,,77.245,73.704,,77.98825096935616,9.780568321574211,15.054813849994586,3.4924330616996504,-2.095459837019787,12600605.0,1.073543690957696,3.242857142857145,3.824123989218332,69.56521739130434,87.4,61.7,89.88326848249024
1755216000,84.8,86.2,82.7,83.1,13662000,2025-08-15,MSN,2025-08-15,-2.004716981132082,8.34419817470664,5.056890012642223,,77.445,74.066,,78.47508421036986,7.301956226999806,12.197229498015272,4.1273584905660385,-2.004716981132079,12554990.0,1.0881729097354915,3.2928571428571454,3.9625236376138933,62.008733624454145,87.4,61.7,83.26848249027233
1755475200,83.1,84.4,83.0,83.9,8972500,2025-08-18,MSN,2025-08-18,0.9626955475330989,2.3170731707317094,8.25806451612905,,77.765,74.462,,78.9917428570013,7.889153218028677,12.67492143643738,1.684717208182919,0.9626955475331064,12610270.0,0.711523226703314,2.942857142857146,3.5075770475055377,81.96721311475406,87.4,61.7,86.38132295719845
1755561600,84.5,86.5,83.2,85.0,14531000,2025-08-19,MSN,2025-08-19,1.3110846245530272,1.674641148325362,9.39510939510939,32.8125,78.13,74.866,,79.56395782300118,8.793037245616286,13.536184649907845,3.933253873659114,0.5959475566150179,12968045.0,1.1205235638833764,3.000000000000003,3.529411764705886,82.258064516129,87.4,61.7,90.66147859922177
1755648000,86.8,87.4,81.0,83.9,19059400,2025-08-20,MSN,2025-08-20,-1.2941176470588123,-2.328288707799764,8.538163001293665,31.298904538341166,78.46000000000001,75.24799999999999,,79.97691422081058,6.933469283711435,11.497980012757836,7.5294117647058885,-3.4117647058823426,13509605.0,1.4108036467387461,3.2714285714285745,3.899199727566834,79.68749999999999,87.4,61.7,86.38132295719845
1755734400,83.9,84.8,83.3,84.3,9701000,2025-08-21,MSN,2025-08-21,0.47675804529201393,-0.5896226415094352,10.921052631578942,32.96529968454258,78.875,75.618,,80.38863667597148,6.87797147385103,11.481393319051026,1.7878426698450536,0.4767580452920041,13172625.0,0.7364515424981734,3.278571428571431,3.88917132689375,80.10204081632651,87.4,61.7,87.93774319066145
1755820800,83.0,83.4,79.7,81.0,18642000,2025-08-22,MSN,2025-08-22,-3.9145907473309594,-2.5270758122743597,6.860158311345654,30.645161290322577,79.135,75.93,,80.4468617544504,2.3567321665508345,6.677202686685102,4.389086595492293,-2.372479240806643,13670485.0,1.3636677850127483,3.450000000000002,4.259259259259262,66.51162790697673,87.4,61.7,75.09727626459141
1756080000,81.3,81.8,78.3,79.5,10287200,2025-08-25,MSN,2025-08-25,-1.851851851851849,-5.244338498212164,2.448453608247436,28.019323671497574,79.23,76.184,,80.35668444450273,0.34078000757289395,4.352619972697691,4.320987654320987,-2.2222222222222188,13551210.0,0.7591351620999158,3.4357142857142873,4.32165318957772,60.986547085201806,87.4,61.7,69.26070038910504
1756166400,78.7,81.1,78.2,81.1,8579900,2025-08-26,MSN,2025-08-26,2.012578616352201,-4.5882352941176485,12.326869806094166,28.120063191153232,79.675,76.44800000000001,,80.42747640216913,1.788515845622829,6.085182084554197,3.647798742138354,3.018867924528291,13179010.0,0.6510276568573815,3.4857142857142867,4.298044741941168,61.33333333333332,87.4,61.7,75.48638132295716
1756252800,81.3,82.8,81.2,82.2,8098600,2025-08-27,MSN,2025-08-27,1.356350184956856,-2.026221692491059,12.602739726027412,28.237129485179423,80.135,76.742,,80.59628817339112,2.5769014787546007,7.112141982226161,1.9728729963008562,1.1097410604192426,13109765.0,0.6177532549210455,3.4642857142857153,4.214459506430311,62.82051282051282,87.4,61.7,79.76653696498055
1756339200,82.5,83.3,81.9,83.1,6539900,2025-08-28,MSN,2025-08-28,1.0948905109488871,-1.4234875444839923,14.620689655172402,26.2917933130699,80.66499999999999,77.054,,80.83473691878244,3.0186574102770702,7.846445350014264,1.7031630170316197,0.7299270072992631,12977930.0,0.5039247399238553,3.414285714285714,4.108647068935878,63.44537815126048,87.4,61.7,83.26848249027233
1756425600,83.2,83.6,82.2,83.0,7420100,2025-08-29,MSN,2025-08-29,-0.12033694344163459,2.4691358024691468,14.482758620689662,27.692307692307683,81.19,77.364,,81.04095245032697,2.2293385884961214,7.285042138462328,1.684717208182902,-0.2406738868832766,13069010.0,0.567762975160322,3.1357142857142852,3.7779690189328736,52.68817204301075,87.4,61.7,82.8793774319066
1756857600,83.5,85.3,82.9,83.0,9531800,2025-09-03,MSN,2025-09-03,0.0,4.402515723270439,12.313937753721227,29.485179407176297,81.645,77.664,,81.22752840743868,1.6596239818727376,6.870622167284712,2.8915662650602307,-0.6024096385542169,13249710.0,0.7193968773656179,3.02142857142857,3.6402753872633373,48.23529411764708,87.4,61.7,82.8793774319066
1756944000,83.5,85.3,82.0,84.8,13228500,2025-09-04,MSN,2025-09-04,2.168674698795181,4.562268803945746,13.672922252010732,30.864197530864203,82.155,77.976,,81.56776379720642,3.219524070354818,8.751410690468852,3.975903614457828,1.5662650602409605,12989325.0,1.0184131969906058,2.8785714285714263,3.394541778975739,46.66666666666664,87.4,61.7,89.88326848249024
1757030400,86.3,87.4,83.0,83.0,12005700,2025-09-05,MSN,2025-09-05,-2.1226415094339535,0.9732360097323589,9.210526315789469,28.08641975308643,82.50500000000001,78.23,,81.70416724509153,0.5999636385673579,6.097405087562313,5.188679245283026,-3.8915094339622613,13106795.0,0.9159905224732667,2.978571428571427,3.5886402753872613,44.76744186046511,87.4,61.7,82.8793774319066
1757289600,82.6,83.3,80.0,81.0,13945500,2025-09-08,MSN,2025-09-08,-2.409638554216864,-2.5270758122743597,6.299212598425186,23.100303951367795,82.745,78.41,,81.63710369793995,-2.1088887546075297,3.30315010840454,3.975903614457828,-1.9277108433734873,13313275.0,1.0474883152342305,2.964285714285712,3.659611992945324,44.00000000000001,87.4,61.7,75.09727626459141
1757376000,81.0,81.3,79.8,81.0,6003800,2025-09-09,MSN,2025-09-09,0.0,-2.409638554216864,5.606258148631027,23.853211009174302,82.96000000000001,78.494,,81.576427155279,-2.3625843780135103,3.1926007083344032,1.8518518518518516,0.0,13044595.0,0.4602519280974227,2.971428571428569,3.6684303350969985,41.31736526946104,87.4,61.7,75.09727626459141
1757462400,81.4,81.4,80.0,81.0,4256100,2025-09-10,MSN,2025-09-10,0.0,-2.409638554216864,-1.2195121951219523,21.257485029940113,82.91,78.57799999999999,,81.52152933096671,-2.303702810276198,3.0822876632136342,1.7283950617284023,-0.4938271604938342,11770845.0,0.36157981861115324,2.835714285714284,3.500881834215166,37.179487179487154,87.4,61.7,75.09727626459141
1757548800,80.8,82.3,79.1,82.0,10202400,2025-09-11,MSN,2025-09-11,1.2345679012345734,-3.301886792452824,-1.9138755980861122,20.765832106038285,82.83000000000001,78.714,,81.56709796611274,-1.0020523964747174,4.174606804380421,3.9506172839506206,1.481481481481485,11620305.0,0.8779803972443064,2.607142857142855,3.1794425087107987,43.87096774193545,87.4,61.7,78.988326848249
1757635200,82.3,86.9,81.6,86.0,21808200,2025-09-12,MSN,2025-09-12,4.878048780487809,3.6144578313253017,0.11641443538998875,27.407407407407412,82.83500000000001,78.93,,81.98927911219724,3.820848675076949,8.957303940200179,6.463414634146355,4.512195121951223,11500145.0,1.8963413070009116,2.8785714285714272,3.3471760797342176,54.45026178010472,87.4,61.7,94.55252918287935
1757894400,86.8,89.0,86.3,88.5,16596700,2025-09-15,MSN,2025-09-15,2.9069767441860517,9.259259259259256,4.363207547169812,31.11111111111111,83.02000000000001,79.21,,82.60934776817845,6.600819079739817,11.728317131675304,3.139534883720933,1.9767441860465151,11653615.0,1.4241675222666959,2.7642857142857133,3.123486682808716,70.49180327868854,89.0,61.7,98.16849816849816
1757980800,89.0,89.0,86.8,86.8,13155500,2025-09-16,MSN,2025-09-16,-1.9209039548022666,7.160493827160486,4.452466907340558,28.59259259259259,83.20500000000001,79.454,,83.0084575045424,4.320653806862551,9.245601228383716,2.4858757062146926,-2.4858757062146926,11628290.0,1.1313357338009287,2.671428571428571,3.0776826859776163,69.72972972972974,89.0,61.7,91.94139194139193
1758067200,86.6,86.9,84.2,84.2,11516500,2025-09-17,MSN,2025-09-17,-2.995391705069117,3.9506172839506304,0.35756853396899935,23.82352941176471,83.22,79.642,,83.12193774220503,1.1776015380918103,5.723110921373165,3.1105990783410173,-2.764976958525336,11755490.0,0.9796699244353064,2.6571428571428575,3.1557516118086193,57.94871794871798,89.0,61.7,82.41758241758242
1758153600,84.4,85.2,83.5,84.0,6725200,2025-09-18,MSN,2025-09-18,-0.23752969121140222,2.4390243902439046,-1.17647058823529,21.387283236994215,83.17,79.81,,83.20556271913789,0.9979559937477456,5.249968675604566,2.0190023752969153,-0.47505938242280954,11365200.0,0.5917361771020307,2.6571428571428575,3.1632653061224496,54.83870967741936,89.0,61.7,81.68498168498168
1758240000,84.6,84.7,83.3,83.9,10383000,2025-09-19,MSN,2025-09-19,-0.11904761904760752,-2.4418604651162745,0.0,19.345661450924624,83.16999999999999,79.972,,83.27169960302952,0.8777203318504512,4.9117191016855966,1.6666666666666736,-0.8333333333333198,10931380.0,0.949834330157766,2.6571428571428584,3.167035586582668,52.24719101123599,89.0,61.7,81.31868131868134
1758499200,83.9,84.0,81.0,81.9,8824400,2025-09-22,MSN,2025-09-22,-2.3837902264600697,-7.457627118644061,-2.8469750889679624,13.750000000000018,83.05,80.072,,83.14106154559813,-1.3847080072245554,2.2829453491857388,3.575685339690107,-2.3837902264600714,10887550.0,0.8105037405109505,2.771428571428573,3.383917669631957,47.208121827411176,89.0,61.7,73.99267399267401
1758585600,81.9,82.6,81.5,81.9,3808100,2025-09-23,MSN,2025-09-23,0.0,-5.645161290322576,1.1111111111111072,6.640625000000022,83.095,80.18,,83.02286520792212,-1.438113003189112,2.1451733599401335,1.343101343101336,0.0,10145855.0,0.375335543431283,2.6785714285714306,3.2705389848247015,47.208121827411176,89.0,61.7,73.99267399267401
1758672000,82.0,83.7,81.1,82.9,5235500,2025-09-24,MSN,2025-09-24,1.2210012210012167,-1.5439429928741033,4.276729559748427,7.942708333333348,83.265,80.33200000000001,,83.0111637595486,-0.4383594547528902,3.1967335557436583,3.1746031746031846,1.0989010989011057,9893270.0,0.5291981316591986,2.6285714285714312,3.1707737377218708,44.973544973544996,89.0,61.7,77.65567765567768
1758758400,83.5,83.6,82.2,82.2,4585800,2025-09-25,MSN,2025-09-25,-0.8443908323281124,-2.1428571428571352,1.356350184956856,9.308510638297873,83.32000000000001,80.486,,82.93391006816302,-1.3442150744119141,2.129562905350002,1.688781664656202,-1.5681544028950507,9693565.0,0.4730767266738295,2.414285714285716,2.9370872436565887,47.75280898876405,89.0,61.7,75.09157509157511
1758844800,82.2,83.5,82.0,82.2,6728100,2025-09-26,MSN,2025-09-26,0.0,-2.026221692491059,0.0,9.308510638297873,83.32000000000001,80.63,,82.86401387119511,-1.3442150744119141,1.9471660672206514,1.824817518248175,0.0,9625040.0,0.6990204716032349,2.285714285714288,2.7806743135210312,53.79746835443039,89.0,61.7,75.09157509157511
1759104000,82.2,82.5,81.3,81.8,4298200,2025-09-29,MSN,2025-09-29,-0.48661800486619056,-0.12210012210013277,-1.564380264741272,9.798657718120808,83.25500000000001,80.742,,82.76267921679558,-1.7476427842171738,1.310346535879714,1.4598540145985435,-0.4866180048661869,9512955.0,0.4518259573392285,2.2642857142857165,2.7680754453370615,52.469135802469125,89.0,61.7,73.6263736263736
1759190400,82.0,82.0,80.5,81.0,4726100,2025-09-30,MSN,2025-09-30,-0.9779951100244433,-1.098901098901106,-2.409638554216864,8.579088471849872,83.155,80.78,,82.59480500567219,-2.591545908243642,0.27234463976231194,1.8337408312958436,-1.2224938875305624,9378255.0,0.5039423645443636,2.271428571428573,2.8042328042328064,50.0,89.0,61.7,70.69597069597069
1759276800,81.1,82.3,81.1,81.3,3192800,2025-10-01,MSN,2025-10-01,0.37037037037037646,-1.930036188178541,-2.048192771084345,8.689839572192515,83.07000000000001,80.85600000000001,,82.47149024322721,-2.13073311664862,0.54912436924901,1.481481481481485,0.2469135802469171,9061305.0,0.35235542783296664,2.135714285714287,2.6269548409769827,47.852760736196316,89.0,61.7,71.79487179487178
1759363200,81.5,82.1,81.0,81.5,3777300,2025-10-02,MSN,2025-10-02,0.24600246002459691,-0.8515815085158196,-3.891509433962259,7.8042328042328135,82.905,80.932,,82.37896736291985,-1.6947108135818123,0.7018237532743443,1.3530135301352946,0.0,8588745.0,0.4397965011186151,1.8357142857142859,2.2524101665205962,32.0,89.0,61.7,72.52747252747253
1759449600,81.2,81.2,79.4,80.0,6475000,2025-10-03,MSN,2025-10-03,-1.8404907975460127,-2.676399026763998,-3.6144578313253017,5.54089709762533,82.755,80.986,,82.15239904264178,-3.3291039816325196,-1.217494381744999,2.2085889570552113,-1.4723926380368133,8312210.0,0.7789745446758444,1.7714285714285711,2.214285714285714,13.043478260869563,89.0,61.7,67.03296703296702
1759708800,81.4,83.3,81.0,83.0,8979600,2025-10-06,MSN,2025-10-06,3.750000000000009,1.4669926650366705,2.4691358024691468,7.932379713914162,82.85499999999999,81.126,,82.23312294334256,0.17500452597913885,2.3099869339052725,2.8749999999999964,1.9999999999999927,8063915.0,1.1135534042707544,1.8499999999999994,2.2289156626506017,35.15625,89.0,61.7,78.02197802197803
1759795200,83.3,83.4,82.5,82.5,5203300,2025-10-07,MSN,2025-10-07,-0.6024096385542133,1.85185185185186,1.85185185185186,7.843137254901955,82.92999999999999,81.26,,82.25853980588137,-0.5185095863981637,1.525966034949544,1.0843373493975972,-0.9638554216867437,8023890.0,0.6484759885791056,1.721428571428571,2.0865800865800863,42.05607476635513,89.0,61.7,76.19047619047619
1759881600,83.7,84.4,82.6,82.6,11323000,2025-10-08,MSN,2025-10-08,0.12121212121212199,1.5990159901599021,1.975308641975304,9.694555112881797,83.00999999999999,81.36,,82.29105982436886,-0.49391639561497946,1.5240904621435458,2.1818181818181954,-1.3333333333333437,8377235.0,1.3516392938720234,1.7357142857142855,2.1013490141819435,43.39622641509431,89.0,61.7,76.55677655677653
1759968000,82.9,84.2,82.7,83.1,7329600,2025-10-09,MSN,2025-10-09,0.6053268765133124,1.9631901840490684,1.3414634146341475,11.543624161073819,83.065,81.578,,82.36810174585754,0.04213567687954001,1.865699085537753,1.8159806295399519,0.24213075060531314,8233595.0,0.8902065258249889,1.75,2.10589651022864,46.36363636363631,89.0,61.7,78.38827838827837
1760054400,83.5,84.2,83.0,84.1,13452100,2025-10-10,MSN,2025-10-10,1.2033694344163681,5.125000000000002,-2.209302325581397,12.13333333333333,82.97,81.8,,82.53304443672825,1.3619380498975486,2.8117359413202925,1.4440433212996424,0.7220216606498127,7815790.0,1.7211439918421554,1.6214285714285717,1.9279768982503827,60.99999999999994,89.0,61.7,82.05128205128203
1760313600,83.6,85.8,83.6,85.0,12632300,2025-10-13,MSN,2025-10-13,1.0701545778834864,2.4096385542168752,-3.9548022598870025,11.548556430446189,82.79499999999999,82.05,,82.76799258561127,2.663204299776578,3.595368677635591,2.615933412604046,1.6646848989298524,7617570.0,1.6583109836863987,1.7000000000000008,2.000000000000001,64.2201834862385,89.0,61.7,85.34798534798534
1760400000,85.6,85.6,82.5,82.5,12780300,2025-10-14,MSN,2025-10-14,-2.941176470588236,0.0,-4.953917050691237,4.298356510745904,82.58,82.25,,82.74246948221972,-0.09687575684185212,0.3039513677811634,3.6470588235294055,-3.6470588235294055,7598810.0,1.6818817683295149,1.7357142857142855,2.103896103896104,48.38709677419352,89.0,61.7,76.19047619047619
1760486400,83.0,83.7,82.5,82.5,6589100,2025-10-15,MSN,2025-10-15,0.0,-0.1210653753026536,-2.019002375296919,6.451612903225801,82.49499999999999,82.42200000000001,,82.71937715057975,0.006060973392330027,0.09463492756787151,1.454545454545458,-0.6060606060606061,7352440.0,0.89617868353907,1.721428571428572,2.086580086580087,51.28205128205126,89.0,61.7,76.19047619047619
1760572800,85.0,88.2,84.8,88.2,17212400,2025-10-16,MSN,2025-10-16,6.909090909090909,6.137184115523486,5.000000000000004,13.513513513513509,82.705,82.694,,83.24134123147691,6.6440964875158715,6.658282342128818,4.121212121212128,3.8787878787878824,7876800.0,2.185202112533008,2.0214285714285722,2.2918691286038233,67.24137931034483,89.0,61.7,97.06959706959708
1760659200,91.4,94.0,88.0,88.0,32812700,2025-10-17,MSN,2025-10-17,-0.22675736961451642,4.637336504161715,4.886769964243132,13.842173350582154,82.91,82.934,,83.6945468284791,6.13918707031722,6.108471796850501,6.802721088435374,-3.8548752834467184,8998285.0,3.6465504259978427,2.3642857142857148,2.6866883116883122,68.0232558139535,94.0,61.7,81.42414860681114
1760918400,87.0,88.8,81.9,81.9,31684600,2025-10-20,MSN,2025-10-20,-6.931818181818173,-3.6470588235294032,0.0,7.76315789473685,82.91,83.04800000000002,,83.52363760671919,-1.2181883970570406,-1.382333108563738,7.840909090909082,-5.795454545454539,10141295.0,3.1243149913300026,2.75,3.357753357753358,52.000000000000014,94.0,61.7,62.53869969040249
1761004800,79.9,80.0,76.2,78.0,28573200,2025-10-21,MSN,2025-10-21,-4.761904761904767,-5.454545454545457,-4.761904761904767,2.902374670184704,82.715,83.074,,82.99757688226974,-5.700296197787591,-6.107807496930451,4.639804639804636,-2.3199023199023268,11379550.0,2.5109253002095864,3.0642857142857145,3.9285714285714293,43.67816091954024,94.0,61.7,50.46439628482972
1761091200,79.9,80.6,77.4,79.0,13805300,2025-10-22,MSN,2025-10-22,1.2820512820512775,-4.2424242424242475,-4.704463208685173,1.804123711340222,82.52000000000001,83.014,,82.61685527443453,-4.265632573921485,-4.8353289806538635,4.102564102564088,-1.1538461538461613,11808040.0,1.169144074715194,3.2142857142857144,4.06871609403255,45.353159851301115,94.0,61.7,53.56037151702786
1761177600,79.6,80.0,77.6,78.2,9732300,2025-10-23,MSN,2025-10-23,-1.0126582278480956,-11.337868480725621,-4.866180048661805,8.310249307479234,82.32,82.906,,82.19620239115505,-5.004859086491731,-5.676308107977713,3.037974683544311,-1.7721518987341665,12065365.0,0.8066312125658859,3.2357142857142867,4.137742053343078,46.564885496183216,94.0,61.7,51.08359133126935
1761264000,77.9,79.5,75.7,79.3,13522400,2025-10-24,MSN,2025-10-24,1.4066496163682718,-9.886363636363637,-3.5279805352798066,8.630136986301373,82.175,82.774,,81.92037359199743,-3.4986309704898133,-4.196970063063288,4.8593350383631675,1.7902813299232627,12405080.0,1.0900695521512154,3.2714285714285722,4.125382813907405,42.38683127572016,94.0,61.7,54.48916408668729
1761523200,79.6,79.8,77.4,78.5,7509000,2025-10-27,MSN,2025-10-27,-1.0088272383354302,-4.151404151404159,-4.0342298288508545,8.275862068965512,82.01,82.648,,81.59462372609292,-4.279965857822221,-5.018875229890618,3.0264817150062946,-1.387137452711216,12565620.0,0.5975829286577184,3.3785714285714286,4.303912647861692,41.869918699187,94.0,61.7,52.012383900928796
1761609600,78.6,79.0,76.2,79.0,7889400,2025-10-28,MSN,2025-10-28,0.6369426751592355,1.2820512820512775,-2.4691358024691357,8.965517241379306,81.91,82.566,,81.34751670456026,-3.552679770479794,-4.318969067170508,3.5668789808917163,0.5095541401273957,12723785.0,0.6200513447845905,3.442857142857142,4.358047016274864,42.80000000000002,94.0,61.7,53.56037151702786
1761696000,79.1,80.6,78.5,79.2,8381100,2025-10-29,MSN,2025-10-29,0.25316455696202667,0.25316455696202667,-2.583025830258301,7.171853856562915,81.80499999999999,82.47200000000001,,81.14299130412596,-3.184401931422276,-3.96740711999225,2.6582278481012587,0.12658227848102346,12983200.0,0.6455342288495902,3.478571428571427,4.3921356421356395,42.10526315789476,94.0,61.7,54.179566563467496
1761782400,79.7,80.6,79.3,79.3,6826300,2025-10-30,MSN,2025-10-30,0.12626262626262985,1.4066496163682718,-2.6993865030674913,6.300268096514761,81.69500000000001,82.358,,80.96746832278063,-2.931635963033241,-3.7130576264600923,1.6414141414141377,-0.5050505050505122,13135650.0,0.5196773665558994,3.49285714285714,4.404611781660959,39.91596638655463,94.0,61.7,54.48916408668729
1761868800,79.4,80.8,79.0,79.6,6477800,2025-10-31,MSN,2025-10-31,0.3783102143757766,0.3783102143757766,-0.5000000000000115,4.73684210526315,81.675,82.272,,80.83723324442057,-2.54055708601163,-3.2477635161415885,2.2698612862547254,0.25220680958384445,13135790.0,0.49314125758709604,3.4642857142857113,4.3521177315147135,38.36206896551723,94.0,61.7,55.417956656346725
1762128000,79.6,79.8,77.0,77.0,7670000,2025-11-03,MSN,2025-11-03,-3.2663316582914548,-1.9108280254777066,-7.2289156626506035,1.049868766404205,81.375,82.126,,80.47178245923766,-5.376344086021501,-6.241628716849723,3.517587939698489,-3.266331658291451,13070310.0,0.586826173212418,3.44285714285714,4.4712430426716105,38.19742489270386,94.0,61.7,47.368421052631575
1762214400,76.8,80.5,74.4,80.0,12598000,2025-11-04,MSN,2025-11-04,3.8961038961038863,1.2658227848101333,-3.0303030303030276,4.30247718383312,81.25,82.10600000000001,,80.42685079645312,-1.538461538461533,-2.5649769809758194,7.922077922077915,4.155844155844159,13440045.0,0.9373480520340519,3.7928571428571396,4.741071428571424,45.247148288973385,94.0,61.7,56.656346749226
1762300800,79.9,81.5,79.1,80.2,8834200,2025-11-05,MSN,2025-11-05,0.24999999999999467,1.262626262626254,-2.9055690072639084,-2.195121951219514,81.13000000000001,82.12,,80.40524595869569,-1.1463083939356689,-2.3380418899171973,3.000000000000007,0.37499999999999645,13315605.0,0.6634471358980685,3.557142857142854,4.435340220876376,30.76923076923076,94.0,61.7,57.27554179566564
1762387200,80.1,80.1,78.8,78.8,4652600,2025-11-06,MSN,2025-11-06,-1.7456359102244412,-0.6305170239596425,-5.174488567990365,-5.741626794258369,80.91499999999999,82.074,,80.25236539120085,-2.613854044367536,-3.989083022638107,1.6209476309226898,-1.6209476309226898,13181755.0,0.3529575538310339,3.2285714285714255,4.097171863669321,29.09090909090908,94.0,61.7,52.941176470588225
1762473600,78.2,79.7,76.8,76.8,7306800,2025-11-07,MSN,2025-11-07,-2.538071065989844,-3.5175879396984855,-8.680142687277048,-10.593713620488954,80.55,81.96600000000001,,79.92356868727697,-4.655493482309126,-6.302613278676539,3.6802030456852868,-1.7766497461929007,12874490.0,0.5675409278348114,2.942857142857141,3.8318452380952355,35.75418994413404,94.0,61.7,46.74922600619193
1762732800,77.1,78.3,76.0,76.0,5025900,2025-11-10,MSN,2025-11-10,-1.041666666666663,-1.2987012987012991,-10.588235294117643,-10.377358490566035,80.1,81.824,,79.54989547896487,-5.118601747815221,-7.1177160735236615,2.994791666666663,-1.4322916666666594,12494170.0,0.40225961388391546,2.699999999999998,3.5526315789473655,43.243243243243235,94.0,61.7,44.27244582043343
1762819200,76.5,78.9,76.4,78.2,7667500,2025-11-11,MSN,2025-11-11,2.894736842105261,-2.2499999999999964,-5.212121212121213,-5.896510228640183,79.885,81.728,,79.42133400477773,-2.109282093008702,-4.316758026624889,3.289473684210526,2.2368421052631615,12238530.0,0.6265049805818182,2.6785714285714275,3.4252831567409556,47.50000000000001,94.0,61.7,51.08359133126935
1762905600,78.5,79.5,78.3,79.2,5010800,2025-11-12,MSN,2025-11-12,1.278772378516635,-1.2468827930174564,-3.9999999999999925,-5.601907032181175,79.72,81.652,,79.40025457575128,-0.6522829904666239,-3.002988291774844,1.5345268542199524,0.8951406649616405,12159615.0,0.4120854155333043,2.5999999999999983,3.28282828282828,53.086419753086425,94.0,61.7,54.179566563467496
1762992000,79.3,79.7,78.9,79.0,4590600,2025-11-13,MSN,2025-11-13,-0.2525252525252597,0.2538071065989911,-10.430839002267579,-7.058823529411762,79.26,81.536,,79.36213509234639,-0.32803431743628764,-3.1102825745682905,1.0101010101010066,-0.3787878787878752,11528525.0,0.39819491218521014,2.385714285714284,3.019891500904157,49.019607843137265,94.0,61.7,53.56037151702786
1763078400,78.6,79.3,77.6,78.0,5137900,2025-11-14,MSN,2025-11-14,-1.2658227848101222,1.5625,-11.363636363636365,-7.032181168057217,78.76,81.436,,79.23240794069436,-0.9649568308786272,-4.219264207475815,2.1518987341772187,-0.7594936708860687,10144785.0,0.5064572585816259,2.335714285714285,2.9945054945054936,48.38709677419355,94.0,61.7,50.46439628482972
1763337600,78.8,80.0,78.3,79.7,5528700,2025-11-17,MSN,2025-11-17,2.179487179487194,4.8684210526315885,-2.6862026862026878,-5.456702253855273,78.65,81.41,,79.27694051777108,1.3350286077558726,-2.100479056626947,2.1794871794871833,1.1538461538461613,8836990.0,0.625631578173111,2.278571428571428,2.858935293063272,52.09580838323354,94.0,61.7,55.72755417956656
1763424000,79.8,80.3,78.5,79.0,4594500,2025-11-18,MSN,2025-11-18,-0.8782936010037656,1.0230179028132946,1.2820512820512775,-2.4691358024691357,78.7,81.37,,79.25056523036432,0.3811944091486552,-2.912621359223311,2.2584692597239613,-1.0037641154328698,7638055.0,0.6015274831092471,2.2571428571428567,2.8571428571428568,49.41860465116278,94.0,61.7,53.56037151702786
1763510400,79.0,79.6,78.5,78.8,3470500,2025-11-19,MSN,2025-11-19,-0.25316455696202667,-0.5050505050505083,-0.25316455696202667,-0.8805031446540879,78.69,81.32600000000001,,79.20765425604391,0.13978904562206296,-3.1060177556992974,1.392405063291132,-0.25316455696202894,7121315.0,0.4873397680063303,2.2357142857142853,2.837200870195794,48.55491329479769,94.0,61.7,52.941176470588225
1763596800,78.9,79.1,78.5,78.5,3398600,2025-11-20,MSN,2025-11-20,-0.3807106598984755,-0.6329113924050667,0.38363171355497716,-3.205918618988901,78.70500000000001,81.256,,79.14025861261115,-0.2604662982021666,-3.3917495323422253,0.7614213197969472,-0.5076142131979768,6804630.0,0.4994540481995347,2.1499999999999995,2.7388535031847128,46.82080924855493,94.0,61.7,52.012383900928796
1763683200,78.4,78.4,77.2,77.5,4020000,2025-11-21,MSN,2025-11-21,-1.273885350318471,-0.6410256410256387,-2.2698612862547263,-5.717761557177614,78.615,81.086,,78.98404350664818,-1.41830439483559,-4.422465037121082,1.5286624203821693,-1.1464968152866315,6329510.0,0.6351202541744938,2.0428571428571423,2.6359447004608287,51.59235668789809,94.0,61.7,48.91640866873065
1763942400,77.7,79.0,77.7,77.8,3380300,2025-11-24,MSN,2025-11-24,0.3870967741935516,-2.3839397741530766,-0.8917197452229297,-6.377858002406733,78.58,80.87200000000001,,78.87127745839597,-0.9926189870196,-3.798595311108932,1.6774193548387062,0.1290322580645088,6123075.0,0.5520592186115636,1.7142857142857142,2.2034520749173705,41.53846153846153,94.0,61.7,49.84520123839008
1764028800,78.0,78.7,77.0,77.0,3736600,2025-11-25,MSN,2025-11-25,-1.0282776349614386,-2.5316455696202556,-2.5316455696202556,-7.2289156626506035,78.47999999999999,80.676,,78.69306055759635,-1.8858307849133449,-4.556497595319553,2.185089974293063,-1.2853470437017995,5915435.0,0.6316695221906757,1.6642857142857141,2.1614100185528757,38.23529411764706,94.0,61.7,47.368421052631575
1764115200,77.5,78.6,77.3,78.6,3197800,2025-11-26,MSN,2025-11-26,2.0779220779220786,-0.2538071065989911,-0.757575757575768,-5.301204819277117,78.45,80.56400000000001,,78.68419764734908,0.19120458891013214,-2.437813415421297,1.6883116883116847,1.4285714285714213,5656270.0,0.5653549070323729,1.6785714285714275,2.13558705925118,49.27536231884057,94.0,61.7,52.32198142414859
1764201600,78.9,79.8,78.4,78.5,4485400,2025-11-27,MSN,2025-11-27,-0.12722646310431296,0.0,-1.0088272383354302,-7.42924528301886,78.41,80.45400000000001,,78.66665501426822,0.11478127789823489,-2.428717030849936,1.781170483460549,-0.50890585241731,5539225.0,0.809752266788224,1.5714285714285694,2.001819836214738,57.14285714285715,94.0,61.7,52.012383900928796
1764288000,78.8,79.0,77.4,77.4,4238900,2025-11-28,MSN,2025-11-28,-1.401273885350307,-0.1290322580645098,-2.763819095477371,-6.746987951807226,78.3,80.324,,78.54602120338554,-1.1494252873563093,-3.6402569593147693,2.0382165605095466,-1.783439490445849,5427280.0,0.7810358043071299,1.5214285714285691,1.9656699889257996,55.73770491803281,94.0,61.7,48.60681114551085
1764547200,77.8,79.2,77.7,78.8,5362600,2025-12-01,MSN,2025-12-01,1.8087855297157507,1.285347043701801,2.3376623376623273,-2.716049382716057,78.39,80.262,,78.57020966020596,0.523025896160223,-1.8215344745956985,1.937984496124031,1.2919896640826873,5311910.0,1.0095427068606209,1.44285714285714,1.8310369833212436,52.6315789473684,94.0,61.7,52.941176470588225
1764633600,78.9,79.5,78.0,78.6,4648900,2025-12-02,MSN,2025-12-02,-0.2538071065989911,2.0779220779220786,-1.750000000000007,-2.9629629629629672,78.32000000000001,80.196,,78.57304683542444,0.3575076608784311,-1.9901241957204885,1.903553299492386,-0.3807106598984916,4914455.0,0.9459645067459159,1.4571428571428544,1.853871319520171,47.169811320754675,94.0,61.7,52.32198142414859
1764720000,79.2,81.2,78.9,80.6,12175800,2025-12-03,MSN,2025-12-03,2.5445292620865034,2.5445292620865034,0.4987531172069737,-0.4938271604938316,78.34,80.14999999999999,,78.76608999395545,2.8848608629052697,0.5614472863381126,2.9262086513994876,1.781170483460549,5081535.0,2.396087009141923,1.5857142857142839,1.9673874512584166,56.4516129032258,94.0,61.7,58.51393188854487
1764806400,81.3,81.3,79.9,79.9,5309300,2025-12-04,MSN,2025-12-04,-0.8684863523573005,1.7834394904458595,1.3959390862944288,-2.5609756097560887,78.39500000000001,80.104,,78.87408142310255,1.9197652911537633,-0.2546689303904892,1.73697270471463,-1.73697270471463,5114370.0,1.0381141763306136,1.5642857142857116,1.957804398355083,57.851239669421524,94.0,61.7,56.34674922600621
1764892800,80.2,80.6,78.2,78.2,6658500,2025-12-05,MSN,2025-12-05,-2.127659574468088,1.033591731266137,1.822916666666674,-9.069767441860465,78.465,80.024,,78.80988319233089,-0.3377301981775327,-2.2793162051384597,3.0037546933666976,-2.5031289111389237,5081955.0,1.3102241165063444,1.5928571428571396,2.0369017172086186,43.80165289256197,94.0,61.7,51.08359133126935
1765152000,78.0,78.8,77.9,77.9,4073000,2025-12-08,MSN,2025-12-08,-0.38363171355498826,-1.1421319796954155,2.5000000000000133,-11.977401129943498,78.56,79.946,,78.72322765020414,-0.8401221995926633,-2.5592274785480096,1.1508951406649508,-0.12787723785165514,5034310.0,0.8090483104933943,1.528571428571425,1.9622226297450898,45.29914529914531,94.0,61.7,50.15479876160992
1765238400,77.9,78.0,76.6,77.0,6841600,2025-12-09,MSN,2025-12-09,-1.1553273427471145,-2.035623409669207,-1.534526854219953,-11.290322580645162,78.5,79.866,,78.55911073113708,-1.9108280254777066,-3.588510755515484,1.7971758664955144,-1.155327342747119,4993015.0,1.3702342172014303,1.5499999999999972,2.012987012987009,42.74193548387096,94.0,61.7,47.368421052631575
1765324800,77.1,77.4,76.6,77.0,3186100,2025-12-10,MSN,2025-12-10,0.0,-4.466501240694787,-2.777777777777779,-8.551068883610458,78.39,79.78,,78.41062399483832,-1.7731853552749088,-3.484582602155928,1.0389610389610537,-0.1298701298701225,4901780.0,0.6499883715711435,1.5642857142857127,2.031539888682744,43.80165289256197,94.0,61.7,47.368421052631575
1765411200,77.4,77.6,76.0,76.1,3520000,2025-12-11,MSN,2025-12-11,-1.1688311688311748,-4.7559449311639685,-3.6708860759493755,-9.404761904761916,78.24499999999999,79.672,,78.19056456675848,-2.7413892261486272,-4.483381865649161,2.0779220779220706,-1.688311688311703,4848250.0,0.7260351673284174,1.5857142857142839,2.0837244227520157,44.16666666666663,94.0,61.7,44.582043343653226
1765497600,76.5,76.6,73.1,73.5,8979200,2025-12-12,MSN,2025-12-12,-3.41655716162943,-6.010230179028131,-5.769230769230771,-12.395709177592373,78.02,79.542,,77.7438441318291,-5.793386311202253,-7.595987025722262,4.599211563731933,-3.942181340341656,5040315.0,1.7814759593398428,1.7285714285714266,2.351797862001941,34.965034965034945,94.0,61.7,36.532507739938076
1765756800,73.2,74.3,73.0,73.5,4188700,2025-12-15,MSN,2025-12-15,0.0,-5.6482670089858855,-7.779171894604775,-10.256410256410264,77.71,79.352,,77.33966850022634,-5.417578175267012,-7.374735356386742,1.7687074829931932,0.4081632653061186,4973315.0,0.8422350082389713,1.6999999999999977,2.3129251700680244,37.03703703703701,94.0,61.7,36.532507739938076
1765843200,73.9,75.2,73.0,74.5,4400000,2025-12-16,MSN,2025-12-16,1.3605442176870763,-3.2467532467532423,-5.696202531645566,-9.035409035409037,77.48499999999999,79.192,,77.06922388115716,-3.852358521004051,-5.924840893019489,2.9931972789115684,0.8163265306122371,4963590.0,0.8864551665226177,1.7428571428571413,2.339405560882069,34.10852713178295,94.0,61.7,39.62848297213622
1765929600,74.6,75.0,74.0,74.0,3573600,2025-12-17,MSN,2025-12-17,-0.6711409395973145,-3.8961038961038974,-6.091370558375631,-10.735826296743067,77.24499999999999,79.02,,76.77691684485647,-4.200919153343241,-6.352822070361929,1.342281879194631,-0.8053691275167709,4968745.0,0.7192158180788106,1.7142857142857133,2.3166023166023155,33.08270676691727,94.0,61.7,38.08049535603715
1766016000,74.4,74.4,73.5,74.0,3135400,2025-12-18,MSN,2025-12-18,0.0,-2.759526938239154,-5.73248407643312,-9.97566909975669,77.02,78.83800000000001,,76.51244857391777,-3.921059465074006,-6.1366346178238995,1.216216216216224,-0.5405405405405482,4955585.0,0.6327002765566527,1.6642857142857141,2.249034749034749,36.06557377049177,94.0,61.7,38.08049535603715
1766102400,74.3,75.8,74.0,75.8,4350100,2025-12-19,MSN,2025-12-19,2.43243243243243,3.129251700680258,-2.1935483870967776,-7.785888077858882,76.935,78.672,,76.44459632878274,-1.4752713329433953,-3.650599959324796,2.432432432432429,2.027027027027027,4972090.0,0.8749037125233051,1.6642857142857141,2.1956275914059553,38.09523809523809,94.0,61.7,43.6532507739938
1766361600,76.0,76.2,75.5,76.0,3463700,2025-12-22,MSN,2025-12-22,0.26385224274407815,3.401360544217691,-2.3136246786632397,-7.090464547677255,76.845,78.492,,76.40225382127961,-1.0996161103520086,-3.174845844162466,0.9234828496042254,0.0,4976260.0,0.696044820809202,1.6071428571428572,2.1146616541353387,39.6825396825397,94.0,61.7,44.27244582043343
1766448000,76.3,77.3,75.6,76.1,5203600,2025-12-23,MSN,2025-12-23,0.1315789473684159,2.147651006711393,-1.1688311688311748,-6.04938271604939,76.8,78.36399999999999,,76.3734677430625,-0.911458333333337,-2.8890817211985054,2.2368421052631615,-0.2631578947368458,5049610.0,1.030495424399112,1.5428571428571425,2.0274075464614225,28.97196261682241,94.0,61.7,44.582043343653226
1766534400,75.6,76.2,75.1,76.2,3229900,2025-12-24,MSN,2025-12-24,0.13140604467807293,2.972972972972987,-3.0534351145038108,-6.273062730627299,76.68,78.238,,76.35694700562799,-0.6259780907668322,-2.6048723126869233,1.4454664914586184,0.7884362680683423,5051215.0,0.639430315280581,1.5214285714285722,1.996625421822273,31.683168316831683,94.0,61.7,44.89164086687307
1766620800,76.5,77.0,76.0,76.3,3230800,2025-12-25,MSN,2025-12-25,0.1312335958005173,3.1081081081081097,-2.8025477707006363,-6.380368098159517,76.57000000000001,77.99999999999999,,76.35152348128247,-0.3526185190022346,-2.1794871794871606,1.3123359580052494,-0.2624671916010536,4988485.0,0.6476515415000746,1.4214285714285728,1.8629470136678543,38.823529411764675,94.0,61.7,45.20123839009287
1766707200,76.0,76.0,73.1,75.3,6065600,2025-12-26,MSN,2025-12-26,-1.3106159895150737,-0.6596306068601621,-2.7131782945736593,-5.875000000000008,76.465,77.74600000000001,,76.251378387827,-1.5235728764794398,-3.146142566820176,3.8007863695937165,-0.9174311926605542,5079820.0,1.1940580571752542,1.5857142857142879,2.105862265224818,35.869565217391255,94.0,61.7,42.105263157894726
1766966400,75.3,75.5,74.6,75.5,2513400,2025-12-29,MSN,2025-12-29,0.26560424966799445,-0.6578947368421018,-4.187817258883242,-9.036144578313255,76.3,77.618,,76.17981854136728,-1.0484927916120546,-2.7287484861758804,1.1952191235059837,0.2656042496679985,4937360.0,0.5090574720093329,1.5500000000000023,2.052980132450334,41.17647058823529,94.0,61.7,42.72445820433436
1767052800,75.7,76.9,75.5,76.9,4153700,2025-12-30,MSN,2025-12-30,1.8543046357615944,1.0512483574244502,-2.16284987277352,-6.7878787878787765,76.215,77.596,,76.24840725171326,0.8987732073738819,-0.8969534512088262,1.8543046357615969,1.5894039735099377,4912600.0,0.8455196840776779,1.5928571428571447,2.071335686420214,49.49494949494953,94.0,61.7,47.058823529411775
1767139200,76.7,77.2,76.1,77.0,4728800,2025-12-31,MSN,2025-12-31,0.13003901170349774,1.049868766404205,-4.466501240694787,-6.779661016949145,76.035,77.556,,76.31998751345485,1.2691523640428803,-0.7169013358089615,1.4304291287386326,0.3901170351105294,4540250.0,1.0415285501899676,1.55714285714286,2.0222634508348833,54.945054945054984,94.0,61.7,47.368421052631575
1767571200,76.9,77.0,75.0,76.8,4140400,2026-01-05,MSN,2026-01-05,-0.2597402597402598,0.6553079947575258,-3.8798498122653458,-7.581227436823101,75.88,77.52799999999999,,76.3657029883639,1.212440695835526,-0.9390155814673284,2.5974025974025974,-0.12987012987014096,4481805.0,0.9238242181442522,1.4500000000000028,1.888020833333337,74.62686567164175,94.0,61.7,46.74922600619193
1767657600,76.7,77.2,75.9,77.0,3765300,2026-01-06,MSN,2026-01-06,0.26041666666667407,2.257636122177953,-1.534526854219953,-8.44233055885849,75.82000000000001,77.482,,76.42611222756734,1.5563175943022811,-0.6220799669600652,1.6927083333333297,0.39062499999999634,4337145.0,0.8681517449843157,1.4500000000000028,1.883116883116887,75.36231884057969,94.0,61.7,47.368421052631575
1767744000,77.1,78.4,76.7,78.4,8379800,2026-01-07,MSN,2026-01-07,1.81818181818183,3.841059602649022,0.6418485237484006,-7.76470588235293,75.845,77.48,,76.6141015392276,3.3687125057683565,1.1874032008260205,2.207792207792212,1.688311688311703,4552485.0,1.840708975427706,1.414285714285717,1.8039358600583124,76.71232876712328,94.0,61.7,51.70278637770899
1767830400,79.0,79.0,77.7,78.3,4525700,2026-01-08,MSN,2026-01-08,-0.12755102040817867,1.820546163849146,1.6883116883116944,-5.09090909090909,75.91,77.46600000000001,,76.7746632973964,3.1484652878408736,1.076601347688011,1.6581632653061187,-0.8928571428571465,4436690.0,1.0200622536169983,1.4357142857142884,1.8336070060208025,81.15942028985496,94.0,61.7,51.393188854489146
1767916800,78.5,78.6,76.5,76.5,5786600,2026-01-09,MSN,2026-01-09,-2.298850574712641,-0.649350649350644,-0.649350649350644,-7.272727272727275,75.885,77.41199999999999,,76.74850488812055,0.8104368452263255,-1.178111920632452,2.681992337164744,-2.554278416347382,4566715.0,1.2671252749514694,1.5214285714285734,1.9887955182072856,64.367816091954,94.0,61.7,45.820433436532504
1768176000,76.6,78.8,75.9,78.6,8295600,2026-01-12,MSN,2026-01-12,2.7450980392156765,2.34375,3.285151116951379,-10.88435374149661,76.01,77.398,,76.92483775591859,3.407446388633062,1.553011705728835,3.790849673202603,2.6143790849673203,4805495.0,1.7262737761666591,1.6000000000000014,2.035623409669213,65.55555555555551,94.0,61.7,52.32198142414859
1768262400,79.5,82.2,79.3,79.3,10133600,2026-01-13,MSN,2026-01-13,0.8905852417302906,2.9870129870129825,7.891156462585025,-9.886363636363637,76.3,77.39200000000001,,77.15104368392635,3.9318479685452212,2.4653710977878607,3.6895674300254524,-0.254452926208655,4863215.0,2.0837244497724243,1.807142857142859,2.2788686723112974,67.36842105263153,94.0,61.7,54.48916408668729
1768348800,79.1,82.0,78.6,80.6,13858700,2026-01-14,MSN,2026-01-14,1.6393442622950838,2.8061224489795755,9.659863945578229,-1.5873015873016039,76.655,77.464,,77.4795157140286,5.146435327114984,4.048332128472576,4.287515762925606,1.8915510718789406,5346715.0,2.592002753092319,1.9285714285714306,2.3927685218007824,71.02803738317753,94.0,61.7,58.51393188854487
1768435200,80.5,82.5,79.8,81.0,9103300,2026-01-15,MSN,2026-01-15,0.496277915632759,3.4482758620689724,8.7248322147651,3.8461538461538547,76.98,77.484,,77.81479993174015,5.222135619641466,4.537711011305556,3.3498759305210957,0.620347394540943,5581880.0,1.6308663031093467,2.0428571428571445,2.5220458553791905,71.81818181818178,94.0,61.7,59.75232198142415
1768521600,81.3,85.5,79.9,81.4,15818700,2026-01-16,MSN,2026-01-16,0.4938271604938427,6.405228758169934,10.000000000000009,3.03797468354432,77.35,77.508,,78.15624755728871,5.235940530058203,5.021417144036766,6.913580246913573,0.12345679012346733,6194135.0,2.5538190562524066,2.3714285714285728,2.913302913302915,72.56637168141592,94.0,61.7,60.990712074303424
1768780800,82.1,82.3,80.2,80.2,6226700,2026-01-19,MSN,2026-01-19,-1.4742014742014753,2.0356234096692294,8.378378378378383,2.5575447570332477,77.66,77.536,,78.35089064707074,3.270667010043793,3.4358233594717236,2.579852579852573,-2.3341523341523236,6348700.0,0.9807834674815317,2.2928571428571436,2.85892411827574,71.30434782608694,94.0,61.7,57.27554179566564
1768867200,80.2,81.4,79.1,80.0,11205300,2026-01-20,MSN,2026-01-20,-0.24937655860349794,0.8827238335435084,5.54089709762533,0.8827238335435084,77.86999999999999,77.6,,78.50794868068306,2.7353281109541605,3.0927835051546504,2.8678304239401635,-0.24937655860349484,6691460.0,1.6745672842698005,2.3928571428571437,2.9910714285714297,69.5652173913043,94.0,61.7,56.656346749226
1768953600,79.0,79.9,78.5,79.9,6385500,2026-01-21,MSN,2026-01-21,-0.12499999999999734,-0.8684863523573005,5.13157894736842,1.7834394904458595,78.065,77.678,,78.64052499680848,2.3506052648434084,2.860526790082152,1.750000000000007,1.125000000000007,6837550.0,0.9338871379368341,2.400000000000001,3.003754693366709,64.70588235294116,94.0,61.7,56.34674922600621
1769040000,79.6,80.6,79.1,79.9,5049500,2026-01-22,MSN,2026-01-22,0.0,-1.3580246913580174,4.993429697766105,1.13924050632912,78.255,77.712,,78.76047499711244,2.1021021021021102,2.8155239859996017,1.8773466833541925,0.37546933667085275,6829845.0,0.7393286377655716,2.4285714285714284,3.0395136778115495,64.35643564356435,94.0,61.7,56.34674922600621
1769126400,80.0,80.2,79.0,79.0,4123600,2026-01-23,MSN,2026-01-23,-1.126408010012525,-2.9484029484029506,3.6745406824146842,-0.2525252525252597,78.395,77.708,,78.78328690214936,0.7717328911282628,1.6626344777886493,1.5018773466833577,-1.2515644555694618,6874530.0,0.5998373707002516,2.3714285714285714,3.0018083182640143,60.18518518518517,94.0,61.7,53.56037151702786
1769385600,79.1,79.5,76.0,77.3,5784500,2026-01-26,MSN,2026-01-26,-2.1518987341772156,-3.615960099750626,1.3106159895150737,-2.522068095838592,78.44500000000001,77.67399999999999,,78.64202148289704,-1.459621390783361,-0.4814996008960515,4.430379746835443,-2.2784810126582244,7002215.0,0.8260957425614609,2.528571428571429,3.2711143965995197,51.219512195121936,94.0,61.7,48.29721362229101
1769472000,77.4,77.5,76.7,76.7,3805800,2026-01-27,MSN,2026-01-27,-0.77619663648123,-4.125000000000001,1.8592297476759612,-3.643216080402001,78.515,77.648,,78.45706705595447,-2.311660192319931,-1.2208942921903887,1.0349288486416524,-0.9055627425614526,6889225.0,0.5524278855749377,2.4642857142857144,3.212888806109145,42.60869565217391,94.0,61.7,46.43962848297214
1769558400,77.2,79.5,77.1,79.5,8819900,2026-01-28,MSN,2026-01-28,3.650586701434144,-0.5006257822277926,5.298013245033117,3.2467532467532534,78.715,77.644,,78.55639400300642,0.9972686273264308,2.3903971974653437,3.1290743155150005,2.9986962190351982,7204550.0,1.224212476837554,2.5714285714285716,3.234501347708895,54.22535211267606,94.0,61.7,55.108359133126925
1769644800,80.3,85.0,80.2,84.1,24722400,2026-01-29,MSN,2026-01-29,5.786163522012577,5.256570713391717,9.36280884265277,5.125000000000002,79.075,77.74600000000001,,79.08435647891056,6.354726525450505,8.172767730815721,6.037735849056601,4.779874213836474,8232985.0,3.002847691329451,2.8142857142857145,3.3463563784610164,72.35294117647058,94.0,61.7,69.34984520123837
1769731200,84.6,85.0,83.3,84.0,10777800,2026-01-30,MSN,2026-01-30,-0.11890606420926764,6.329113924050622,9.090909090909083,4.738154613466339,79.425,77.85,,79.55251300472861,5.760151085930132,7.899807321772645,2.021403091557673,-0.7134363852556413,8535435.0,1.2627124452356557,2.72857142857143,3.2482993197278933,68.00000000000001,94.0,61.7,69.04024767801857
1769990400,83.9,85.5,82.2,83.8,11833900,2026-02-02,MSN,2026-02-02,-0.23809523809523725,8.408796895213456,9.114583333333325,6.345177664974622,79.775,77.95599999999999,,79.95703557570684,5.045440300846127,7.496536507773621,3.928571428571425,-0.1190476190476292,8920110.0,1.3266540435039478,2.7071428571428577,3.230480736447324,65.51724137931035,94.0,61.7,68.42105263157893
1770076800,84.5,84.8,83.3,83.8,8426800,2026-02-03,MSN,2026-02-03,0.0,9.256844850065171,8.831168831168835,9.114583333333325,80.115,78.082,,80.32303218754429,4.599638020345753,7.323070618068184,1.7899761336515514,-0.8353221957040607,9153185.0,0.9206412849734819,2.5714285714285716,3.068530514831231,62.12121212121213,94.0,61.7,68.42105263157893
1770163200,84.1,84.9,82.5,82.7,8323300,2026-02-04,MSN,2026-02-04,-1.3126491646777927,4.025157232704402,5.484693877551017,8.815789473684221,80.33,78.18,,80.54941007444484,2.950329889207026,5.78152980301867,2.8639618138424887,-1.6706443914081044,9150360.0,0.909614485113154,2.5500000000000003,3.0834340991535676,56.115107913669085,94.0,61.7,65.015479876161
1770249600,82.8,82.9,79.4,79.4,10434400,2026-02-05,MSN,2026-02-05,-3.9903264812575556,-5.588585017835901,1.4048531289910793,1.534526854219953,80.385,78.22800000000001,,80.43994244830724,-1.2253529887416792,1.4981847931686776,4.2321644498186215,-4.1112454655380795,9445795.0,1.104660857026857,2.400000000000001,3.022670025188918,44.04761904761904,94.0,61.7,54.79876160990713
1770336000,78.4,79.5,77.7,78.2,9419400,2026-02-06,MSN,2026-02-06,-1.5113350125944613,-6.904761904761902,2.2222222222222365,-1.2626262626262652,80.47,78.22,,80.2266145960875,-2.8209270535603292,-0.025568908207618257,2.267002518891684,-0.25188916876574663,9627435.0,0.9783914407108435,2.3785714285714294,3.041651443185971,44.04761904761904,94.0,61.7,51.08359133126935
1770595200,79.0,79.2,78.0,78.2,3681100,2026-02-09,MSN,2026-02-09,0.0,-6.682577565632453,-0.5089058524172962,-1.0126582278480956,80.45,78.214,,80.0336036821744,-2.7967681789931587,-0.01789960876569241,1.5345268542199524,-1.0230179028132955,9396710.0,0.3917434932013439,2.3000000000000003,2.9411764705882355,44.57831325301205,94.0,61.7,51.08359133126935
1770681600,78.2,78.4,75.6,76.8,6018600,2026-02-10,MSN,2026-02-10,-1.7902813299232823,-8.353221957040569,-3.1525851197982346,-1.538461538461544,80.325,78.20200000000001,,79.72564142672923,-4.388422035480866,-1.7927930231963596,3.580562659846562,-1.790281329923281,9190960.0,0.6548391027705485,2.3928571428571437,3.115699404761906,41.340782122905004,94.0,61.7,46.74922600619193
1770768000,77.3,78.6,76.9,78.0,5600000,2026-02-11,MSN,2026-02-11,1.5625,-5.6831922611850105,-3.2258064516129004,-2.1329987452948562,80.195,78.186,,79.56129462418359,-2.737078371469537,-0.23789425216791393,2.213541666666652,0.911458333333337,8778025.0,0.6379567157760431,2.414285714285715,3.0952380952380962,45.026178010471185,94.0,61.7,50.46439628482972
1770854400,78.4,78.4,78.0,78.0,2759900,2026-02-12,MSN,2026-02-12,0.0,-1.7632241813602123,-3.703703703703709,-1.2658227848101222,80.04499999999999,78.174,,79.41259989807087,-2.554812917733762,-0.22258039757464543,0.5128205128205201,-0.5128205128205201,8460855.0,0.32619634776863565,2.357142857142858,3.0219780219780232,47.25274725274725,94.0,61.7,50.46439628482972
1770940800,78.0,78.3,77.7,78.0,3963900,2026-02-13,MSN,2026-02-13,0.0,-0.2557544757033292,-4.176904176904184,-1.015228426395931,79.875,78.12200000000001,,79.27806657444506,-2.3474178403755874,-0.15616599677429344,0.769230769230762,0.0,7868115.0,0.5037928398352083,2.150000000000001,2.7564102564102573,52.12121212121213,94.0,61.7,50.46439628482972
1771804800,78.8,79.2,78.3,79.2,3791500,2026-02-23,MSN,2026-02-23,1.538461538461533,1.278772378516635,-1.2468827930174564,0.8917197452229297,79.825,78.108,,79.27063166259315,-0.7829627309740017,1.3980642187739978,1.1538461538461613,0.5128205128205201,7746355.0,0.4894560086647204,2.1785714285714297,2.750721500721502,57.30994152046784,94.0,61.7,54.179566563467496
1771891200,79.3,80.9,78.6,80.9,8479700,2026-02-24,MSN,2026-02-24,2.146464646464641,5.338541666666674,1.1249999999999982,4.387096774193555,79.87,78.16199999999999,,79.42580959948904,1.2895955928383662,3.5029809882040075,2.904040404040418,2.020202020202031,7610075.0,1.1142728553923582,2.142857142857145,2.6487727352993136,54.375000000000014,94.0,61.7,59.442724458204346
1771977600,81.3,81.6,80.3,80.3,5852200,2026-02-25,MSN,2026-02-25,-0.7416563658838138,2.9487179487179382,0.5006257822277815,3.2133676092545027,79.89,78.21,,79.50906582810913,0.5132056577794364,2.672292545710264,1.6069221260815787,-1.2360939431396787,7583410.0,0.771710879406494,1.8428571428571447,2.294965308663941,34.166666666666686,94.0,61.7,57.58513931888544
1772064000,80.7,81.2,79.9,80.4,4991400,2026-02-26,MSN,2026-02-26,0.12453300124533051,3.076923076923088,0.6257822277847325,4.415584415584428,79.915,78.27799999999999,,79.59391670162255,0.6068948257523576,2.7108510692659626,1.6189290161892866,-0.3735990037359865,7580505.0,0.6584521743604153,1.8142857142857156,2.256574271499646,35.00000000000006,94.0,61.7,57.894736842105274
1772150400,80.5,80.6,79.0,79.0,5060963,2026-02-27,MSN,2026-02-27,-1.7412935323383172,1.2820512820512775,0.0,0.5089058524173184,79.915,78.318,,79.53735320622992,-1.1449665269348763,0.8708087540539866,1.9900497512437738,-1.8656716417910446,7627373.15,0.6635263413066397,1.6928571428571442,2.1428571428571446,31.81818181818187,94.0,61.7,53.56037151702786
1772409600,77.8,80.7,77.3,78.4,10248500,2026-03-02,MSN,2026-03-02,-0.7594936708860689,-1.0101010101010055,1.4230271668822958,-0.127388535031836,79.97,78.36399999999999,,79.42903385325565,-1.9632362135800885,0.045939461997868136,4.303797468354437,0.7594936708860868,7850573.15,1.305446087079642,1.8285714285714303,2.3323615160349873,30.434782608695713,94.0,61.7,51.70278637770899
1772496000,79.2,79.7,77.0,77.0,7767900,2026-03-03,MSN,2026-03-03,-1.7857142857142905,-4.820766378244756,0.39113428943937656,-0.5167958656330796,79.985,78.434,,79.19769729580273,-3.731949740576357,-1.82828875232679,3.443877551020411,-2.8061224489795955,8048678.15,0.9651149984174731,1.8500000000000014,2.4025974025974044,29.787234042553237,94.0,61.7,47.368421052631575
1772582400,77.1,77.6,74.0,76.0,11204536,2026-03-04,MSN,2026-03-04,-1.2987012987012991,-5.35491905354919,-4.402515723270439,-3.5532994923857864,79.81,78.484,,78.89315469620247,-4.7738378649292095,-3.1649763009020893,4.675324675324668,-1.4285714285714213,8167909.95,1.371775162628966,1.857142857142858,2.4436090225563922,35.59322033898307,94.0,61.7,44.27244582043343
1772668800,76.8,77.5,75.3,75.3,6074200,2026-03-05,MSN,2026-03-05,-0.9210526315789558,-6.343283582089565,-10.463733650416174,-4.19847328244275,79.36999999999999,78.5,,78.55094948704033,-5.127882071311573,-4.076433121019107,2.894736842105267,-1.9736842105263157,7235499.95,0.8394996948344945,1.8857142857142872,2.504268639726809,37.16814159292038,94.0,61.7,42.105263157894726
1772755200,74.9,75.0,73.2,73.3,7955900,2026-03-06,MSN,2026-03-06,-2.6560424966799445,-7.215189873417726,-12.738095238095237,-9.057071960297769,78.83500000000001,78.48599999999999,,78.05085905970316,-7.020993213674142,-6.6075478429273975,2.3904382470119487,-2.124833997343969,7094404.95,1.1214330244850204,1.9500000000000008,2.6603001364256493,31.578947368421083,94.0,61.7,35.91331269349844
1773014400,68.2,70.0,68.2,68.2,4325700,2026-03-09,MSN,2026-03-09,-6.95770804911322,-13.01020408163266,-18.61575178997613,-14.643304130162704,78.05499999999999,78.37,,77.11268200639809,-12.6257126385241,-12.976904427714686,2.455661664392902,0.0,6718994.95,0.6438016447683146,2.114285714285714,3.1001256807708413,24.70588235294123,94.0,61.7,20.123839009287927
1773100800,69.0,69.8,66.1,68.3,13574400,2026-03-10,MSN,2026-03-10,0.14662756598240456,-11.298701298701296,-18.4964200477327,-12.65984654731458,77.28,78.22,,76.2733789581697,-11.620082815735,-12.682178470979288,5.425219941348978,-1.026392961876837,6976374.95,1.94576697744722,2.25,3.294289897510981,19.49685534591198,94.0,61.7,20.433436532507724
1773187200,69.3,73.0,69.1,73.0,10575800,2026-03-11,MSN,2026-03-11,6.881405563689613,-3.9473684210526327,-11.729141475211613,-6.290115532734286,76.795,78.16,,75.96162858120115,-4.941727977081845,-6.6018423746161625,5.710102489019042,5.417276720351396,7088999.95,1.491860639666107,2.557142857142857,3.5029354207436394,37.86407766990293,94.0,61.7,34.984520123839005
1773273600,73.2,74.5,71.8,73.1,8489100,2026-03-12,MSN,2026-03-12,0.1369863013698458,-2.92164674634795,-7.934508816120922,-5.064935064935073,76.47999999999999,78.1,,75.68909252584866,-4.419456066945604,-6.40204865556978,3.6986301369863055,-0.1369863013698747,6991734.95,1.2141621587071174,2.7071428571428577,3.703341801837015,38.16425120772947,94.0,61.7,35.2941176470588
1773360000,73.4,74.7,72.7,73.9,8344100,2026-03-13,MSN,2026-03-13,1.0943912448700521,0.8185538881309906,-5.498721227621484,-4.025974025974022,76.26500000000001,78.054,77.44850000000001,75.51870276148213,-3.1010293057103677,-5.321956594152766,2.735978112175103,0.6839945280437757,6937969.95,1.2026716835232185,2.7642857142857147,3.7405760680456215,36.945812807881794,94.0,61.7,37.770897832817354
1773619200,74.7,75.2,73.4,73.5,4578400,2026-03-16,MSN,2026-03-16,-0.5412719891745632,7.771260997067442,-6.010230179028131,-3.41655716162943,76.03,77.998,77.49600000000001,75.32644535562669,-3.327633828751808,-5.7668145337059995,2.435723951285517,-1.6238159675236845,6982834.95,0.6556649316192129,2.7285714285714278,3.7123420796890176,30.5263157894737,94.0,61.7,36.532507739938076
1773705600,74.0,75.7,73.8,75.4,8479300,2026-03-17,MSN,2026-03-17,2.5850340136054584,10.395314787701327,-1.8229166666666519,2.5850340136054584,75.96000000000001,78.0,77.5535,75.33345055985272,-0.7372301211163834,-3.3333333333333215,2.58503401360545,1.9047619047619126,7105869.95,1.1932810563187974,2.7928571428571423,3.7040545661235305,37.931034482758655,94.0,61.7,42.41486068111456
1773792000,75.8,75.8,74.0,75.3,5029900,2026-03-18,MSN,2026-03-18,-0.13262599469496816,3.150684931506853,-3.4615384615384603,2.448979591836742,75.825,77.99600000000001,77.613,75.3302647922477,-0.6923837784372,-3.456587517308596,2.38726790450928,-0.663129973474801,7077364.95,0.7107023638790875,2.8285714285714283,3.7564029595902104,37.43842364532019,94.0,61.7,42.105263157894726
1773878400,73.6,75.7,73.5,75.4,8216000,2026-03-19,MSN,2026-03-19,0.13280212483401943,3.146374829001375,-3.3333333333333215,1.2080536912751683,75.69500000000001,77.96600000000001,77.68,75.33690624060506,-0.38972191029791325,-3.291178205884615,2.9216467463479456,2.3904382470119674,7350169.95,1.117797283041054,2.8714285714285714,3.8082607048124286,40.52631578947371,94.0,61.7,42.41486068111456
1773964800,75.1,75.5,71.3,71.3,8880900,2026-03-20,MSN,2026-03-20,-5.437665782493384,-3.5182679296346553,-8.589743589743593,-3.648648648648656,75.36,77.852,77.726,74.95243897959506,-5.3874734607218695,-8.415968761239279,5.5702917771883325,-5.039787798408484,7596019.95,1.1691517476859707,2.9285714285714284,4.107393307954318,34.22222222222224,94.0,61.7,29.721362229102148
1774224000,70.6,72.8,70.6,70.8,8307600,2026-03-23,MSN,2026-03-23,-0.7012622720897643,-3.6734693877551017,-10.606060606060607,-4.324324324324325,74.94,77.73200000000001,77.7635,74.556968600586,-5.5244195356285,-8.917820202747928,3.085553997194955,0.2805049088359086,7821824.95,1.0621050781761614,2.892857142857143,4.085956416464891,35.64814814814817,94.0,61.7,28.173374613003084
1774310400,72.5,72.8,71.7,72.1,3692600,2026-03-24,MSN,2026-03-24,1.836158192090398,-4.376657824933705,-10.877626699629184,-4.88126649076518,74.5,77.634,77.8035,74.32297159100638,-3.2214765100671228,-7.128320065950488,1.5536723163841728,-0.5649717514124375,7582469.95,0.4869917090802318,2.778571428571429,3.853774519516545,41.09589041095891,94.0,61.7,32.19814241486066
1774396800,73.5,73.5,72.2,73.2,4078200,2026-03-25,MSN,2026-03-25,1.5256588072122268,-2.7888446215139417,-8.841843088418422,-3.68421052631579,74.14500000000001,77.53,77.8405,74.21602191567244,-1.2745296378717463,-5.584934863923641,1.8030513176144205,-0.4160887656033248,7493769.95,0.5442120624479538,2.721428571428572,3.7177985948477756,45.29147982062783,94.0,61.7,35.60371517027864
1774483200,73.0,73.2,71.8,72.1,4014500,2026-03-26,MSN,2026-03-26,-1.5027322404371657,-4.376657824933705,-10.32338308457713,-5.256241787122207,73.72999999999999,77.406,77.87599999999999,74.01449601894173,-2.2107690221076837,-6.854765780430472,1.9125683060109366,-1.2295081967213193,7444924.95,0.5392263893808628,2.671428571428573,3.7051713889439295,47.19626168224299,94.0,61.7,32.19814241486066
1774569600,72.2,73.4,72.2,73.3,4263900,2026-03-27,MSN,2026-03-27,1.664355062413314,2.8050490883590573,-7.215189873417726,-3.805774278215235,73.445,77.342,77.922,73.94644877904251,-0.19742664578935587,-5.226138450001294,1.664355062413319,1.5256588072121975,7405071.8,0.5758080563108112,2.4000000000000026,3.2742155525238776,64.5714285714285,94.0,61.7,35.91331269349844
1774828800,72.0,75.3,71.8,74.8,6573900,2026-03-30,MSN,2026-03-30,2.046384720327432,5.649717514124286,-4.591836734693889,-1.9659239842726106,73.265,77.266,77.972,74.02773937151466,2.0951341022316106,-3.1915719721481772,4.774897680763983,3.8199181446111834,7221341.8,0.9103432827400582,2.3857142857142883,3.1894576012223106,67.19576719576713,94.0,61.7,40.557275541795654
1774915200,75.5,76.4,75.0,75.5,5911100,2026-03-31,MSN,2026-03-31,0.9358288770053624,4.715672676837723,-1.9480519480519431,0.26560424966799445,73.19,77.19,78.02550000000001,74.16795466946564,3.1561688755294526,-2.1894027723798337,1.8716577540107031,0.0,7128501.8,0.8292205242902513,2.1642857142857173,2.86660359508042,58.389261744966404,94.0,61.7,42.72445820433436
1775001600,76.8,77.4,75.9,76.9,8282500,2026-04-01,MSN,2026-04-01,1.8543046357615944,5.054644808743181,1.1842105263157876,1.8543046357615944,73.235,77.116,78.08099999999999,74.42814946284987,5.0044377688263975,-0.2800975154312879,1.9867549668874174,0.13245033112583912,6982400.0,1.1861967231897341,2.1071428571428603,2.7401077466097012,61.72839506172837,94.0,61.7,47.058823529411775
1775088000,76.6,76.7,75.3,76.1,5420300,2026-04-02,MSN,2026-04-02,-1.040312093628104,5.54785020804438,1.0624169986719778,-1.040312093628104,73.275,77.018,78.1345,74.58737332353084,3.8553394745820313,-1.191929159417282,1.820546163849162,-0.6501950585175552,6949705.0,0.7799323856192457,2.0785714285714323,2.7313685000938666,56.79012345679006,94.0,61.7,44.582043343653226
1775174400,76.2,77.1,74.8,75.3,5241600,2026-04-03,MSN,2026-04-03,-1.0512483574244391,2.7285129604365688,2.7285129604365688,-2.207792207792214,73.375,76.896,78.177,74.65524253081362,2.6235093696763245,-2.0755305867665497,3.0223390275952657,-1.1826544021025043,6813990.0,0.769240929323348,2.114285714285718,2.8078163536330916,55.42168674698792,94.0,61.7,42.105263157894726
1775433600,75.1,76.2,74.5,75.3,4242400,2026-04-06,MSN,2026-04-06,0.0,0.6684491978609541,10.410557184750724,-1.953125,73.73,76.798,78.214,74.71664800406947,2.1293910212939027,-1.950571629469522,2.2576361221779586,0.2656042496679985,6809825.0,0.622982235226309,2.0785714285714323,2.7603870233352352,49.6598639455782,94.0,61.7,42.105263157894726
1775520000,75.4,75.7,74.3,75.1,3191700,2026-04-07,MSN,2026-04-07,-0.26560424966799445,-0.5298013245033206,9.956076134699842,-2.467532467532474,74.07,76.7,78.252,74.75315771796761,1.3905764817064847,-2.0860495436766713,1.8592297476759705,-0.3984063745020071,6290690.0,0.5073688259952406,2.0500000000000043,2.729693741677769,49.32432432432432,94.0,61.7,41.48606811145509
1775606400,77.2,77.8,76.3,77.7,10008300,2026-04-08,MSN,2026-04-08,3.462050599201083,1.040312093628093,6.438356164383574,-0.8928571428571508,74.30499999999999,76.65599999999999,78.303,75.03380936387546,4.569006123410291,1.3619286161553168,1.997336884154461,0.6657789613848203,6262315.0,1.5981789482004658,2.08571428571429,2.684316970031261,56.64739884393061,94.0,61.7,49.53560371517028
1775692800,77.6,79.5,76.8,78.0,6333100,2026-04-09,MSN,2026-04-09,0.38610038610038533,2.4967148488830526,6.703146374829005,-0.3831417624520994,74.55,76.618,78.35549999999999,75.31630371017303,4.6277665995975825,1.803753687123133,3.474903474903478,0.514800514800522,6154515.0,1.029016908724733,1.9785714285714329,2.5366300366300423,74.81481481481475,94.0,61.7,50.46439628482972
1775779200,78.5,78.7,77.5,78.0,3896000,2026-04-10,MSN,2026-04-10,0.0,3.585657370517925,5.548037889039237,1.9607843137254832,74.755,76.598,78.40549999999999,75.57189383301369,4.340846766102602,1.8303349956917847,1.538461538461542,-0.641025641025641,5932110.0,0.6567646250659546,1.9071428571428615,2.4450549450549506,77.69230769230761,94.0,61.7,50.46439628482972
1776038400,77.2,77.6,76.4,77.0,5031600,2026-04-13,MSN,2026-04-13,-1.2820512820512775,2.257636122177953,4.761904761904767,-2.035623409669207,74.92999999999999,76.592,78.4445,75.70790394415525,2.76257840651275,0.5326927094213563,1.538461538461524,-0.25641025641026005,5954770.0,0.8449696629760679,1.8785714285714323,2.439703153988873,69.29133858267713,94.0,61.7,47.368421052631575
1776124800,77.7,78.0,77.0,77.6,4522400,2026-04-14,MSN,2026-04-14,0.7792207792207684,3.3288948069241098,2.9177718832890998,-2.1437578814628044,75.03999999999999,76.61,78.481,75.88810356852142,3.4115138592750505,1.2922594961493283,1.2987012987012987,-0.12987012987014096,5756925.0,0.7855582624404521,1.8500000000000034,2.384020618556706,68.03278688524583,94.0,61.7,49.22600619195045
1776211200,78.4,78.4,77.0,77.2,4323100,2026-04-15,MSN,2026-04-15,-0.5154639175257603,-0.6435006435006385,2.5232403718459473,-4.218362282878396,75.135,76.564,78.507,76.01304608580509,2.7483862381047386,0.8306776030510443,1.8041237113402135,-1.5463917525773232,5721585.0,0.7555773443897102,1.8500000000000034,2.396373056994823,72.17391304347827,94.0,61.7,47.98761609907121
1776297600,77.2,78.8,76.7,78.0,7346700,2026-04-16,MSN,2026-04-16,1.0362694300518172,0.0,3.44827586206895,-3.703703703703709,75.265,76.442,78.513,76.20227979191888,3.6338271440908843,2.0381465686402755,2.720207253886003,1.0362694300518096,5678120.0,1.2938613484744952,1.9071428571428595,2.4450549450549484,71.17117117117117,94.0,61.7,50.46439628482972
1776384000,78.3,82.5,78.3,79.5,13601600,2026-04-17,MSN,2026-04-17,1.9230769230769162,1.9230769230769162,11.500701262272095,-2.3341523341523396,75.675,76.352,78.5265,76.5163483831647,5.054509415262642,4.123009220452634,5.384615384615389,1.538461538461542,5914155.0,2.2998382693723785,1.9785714285714309,2.48876909254268,71.17117117117117,94.0,61.7,55.108359133126925
1776643200,80.0,80.4,79.3,79.8,5211800,2026-04-20,MSN,2026-04-20,0.37735849056603765,3.6363636363636376,12.711864406779672,-0.4987531172069848,76.125,76.272,78.5495,76.82907710857758,4.827586206896539,4.625550660792932,1.3836477987421492,-0.25157232704402877,5759365.0,0.9049261507127956,1.942857142857145,2.4346580737558208,70.09345794392522,94.0,61.7,56.03715170278637
1776729600,80.0,80.9,78.8,79.0,7452100,2026-04-21,MSN,2026-04-21,-1.0025062656641603,1.804123711340222,9.57004160887658,-1.2499999999999956,76.47,76.176,78.5685,77.03583166966543,3.3084869883614587,3.707204368830075,2.6315789473684315,-1.2531328320802007,5947340.0,1.253013952456056,1.9571428571428595,2.477396021699822,60.396039603960375,94.0,61.7,53.56037151702786
1776816000,78.9,79.2,78.1,79.0,4824100,2026-04-22,MSN,2026-04-22,0.0,2.3316062176165664,7.9234972677595605,-1.126408010012525,76.75999999999999,76.102,78.591,77.22289532017348,2.9181865554976705,3.8080470946886935,1.39240506329115,0.12658227848100545,5984635.0,0.8060809055188829,1.921428571428574,2.4321880650994605,65.59139784946242,94.0,61.7,53.56037151702786
1776902400,79.2,79.3,77.1,78.2,6071800,2026-04-23,MSN,2026-04-23,-1.0126582278480956,0.2564102564102555,8.460471567267703,-2.127659574468088,77.065,76.078,78.60900000000001,77.31595290872839,1.4727827158891982,2.7892426194169095,2.784810126582282,-1.2658227848101267,6087500.0,0.9974209445585216,1.914285714285717,2.4479356960175407,65.59139784946242,94.0,61.7,51.08359133126935
1776988800,79.0,79.6,77.2,77.2,7800700,2026-04-24,MSN,2026-04-24,-1.2787723785166238,-2.8930817610062887,5.320600272851306,-2.278481012658229,77.26,76.05799999999999,78.621,77.30490977456378,-0.07765984985762531,1.5014857082752853,3.0690537084398866,-2.3017902813299194,6264340.0,1.2452548871868385,1.9642857142857164,2.5444115470022233,59.22330097087384,94.0,61.7,47.98761609907121
1777334400,77.2,77.9,76.7,77.4,3730200,2026-04-28,MSN,2026-04-28,0.2590673575129543,-3.00751879699247,3.4759358288770192,0.1293661060802087,77.39000000000001,76.042,78.63,77.31396598651008,0.012921566093804238,1.785855185292351,1.5544041450777237,0.259067357512957,6122155.0,0.6092952563272247,1.9500000000000017,2.5193798449612426,61.16504854368939,94.0,61.7,48.60681114551085
1777420800,77.0,77.4,76.1,76.8,4028900,2026-04-29,MSN,2026-04-29,-0.7751937984496249,-2.784810126582282,1.7218543046357615,0.13037809647977738,77.45500000000001,76.042,78.635,77.26501684493769,-0.8456523142470029,0.9968175481970487,1.6795865633075082,-0.2583979328165411,6028045.0,0.6683593105227317,1.8500000000000025,2.40885416666667,44.578313253012,94.0,61.7,46.74922600619193
1777852800,77.2,77.5,76.2,76.8,3381400,2026-05-04,MSN,2026-05-04,0.0,-2.784810126582282,-0.13003901170351995,-3.396226415094339,77.45,76.01799999999999,78.6345,77.2207295263722,-0.8392511297611427,1.0287037280644284,1.6927083333333297,-0.5208333333333408,5782990.0,0.5847148274508516,1.750000000000002,2.278645833333336,42.49999999999997,94.0,61.7,46.74922600619193
1777939200,76.9,78.4,76.6,76.6,4691700,2026-05-05,MSN,2026-05-05,-0.26041666666667407,-2.0460358056266115,0.6570302233902758,-8.917954815695605,77.475,75.99,78.635,77.16161242862246,-1.129396579541786,0.8027372022634482,2.343750000000015,-0.3906250000000148,5746560.0,0.81643626795857,1.7928571428571456,2.340544572920556,41.463414634146304,94.0,61.7,46.1300309597523
1778025600,77.3,78.5,76.9,78.4,5808400,2026-05-06,MSN,2026-05-06,2.349869451697151,1.5544041450777257,4.116865869853936,-6.666666666666665,77.63,75.99799999999999,78.6505,77.27955410208699,0.9918845807033394,3.1606094897234316,2.0887728459529953,1.4360313315927005,5774900.0,1.0058009662504979,1.8142857142857178,2.3141399416909665,57.77777777777781,94.0,61.7,51.70278637770899
1778112000,79.7,82.3,79.2,81.0,15769900,2026-05-07,MSN,2026-05-07,3.316326530612246,4.6511627906976605,7.569721115537842,-3.3412887828162208,77.91499999999999,76.03399999999999,78.68299999999999,77.63388228284062,3.9594429827376043,6.531288634032162,3.954081632653054,1.6581632653061187,6351275.0,2.482950273763929,2.0214285714285745,2.495590828924166,65.45454545454547,94.0,61.7,59.75232198142415
1778198400,81.0,82.4,80.0,80.2,8819100,2026-05-08,MSN,2026-05-08,-0.987654320987652,4.427083333333348,6.790945406125171,-4.295942720763712,78.17,76.02,78.709,77.8782744463796,2.596904183190474,5.4985530123651705,2.96296296296297,-0.9876543209876508,6632645.0,1.329650539113732,2.0928571428571456,2.6095475596722513,63.157894736842096,94.0,61.7,57.27554179566564
1778457600,80.8,80.8,77.5,77.5,8192600,2026-05-11,MSN,2026-05-11,-3.366583541147139,0.9114583333333481,-0.2574002574002643,-6.2877871825876674,78.16,75.964,78.7155,77.84224830862917,-0.8444216990788123,2.022010425991261,4.114713216957602,-4.114713216957602,6541860.0,1.2523349628393148,2.1785714285714315,2.8110599078341054,48.120300751879704,94.0,61.7,48.91640866873065
1778544000,77.7,78.0,76.6,77.7,6062900,2026-05-12,MSN,2026-05-12,0.2580645161290418,1.436031331592691,-0.38461538461538325,-2.1410579345088165,78.14500000000001,75.91,78.7085,77.82870085066449,-0.5694542197197561,2.3580555921486113,1.8064516129032333,0.0,6528350.0,0.9287032711175105,1.9571428571428606,2.5188453759882377,42.50000000000002,94.0,61.7,49.53560371517028
1778630400,77.7,79.3,77.5,78.9,6479900,2026-05-13,MSN,2026-05-13,1.5444015444015413,0.6377551020408267,1.153846153846172,0.8951406649616356,78.19,75.908,78.7155,77.9307293410774,0.9080445069702181,3.9416135321705292,2.316602316602313,1.544401544401548,6657545.0,0.9733167406303675,2.00714285714286,2.543907296759011,46.51162790697678,94.0,61.7,53.25077399380807
1778716800,79.3,79.5,78.6,79.1,4324500,2026-05-14,MSN,2026-05-14,0.25348542458807355,-2.3456790123456805,2.7272727272727115,1.1508951406649537,78.295,75.922,78.7225,78.04208845145098,1.0281627179257846,4.185874976950021,1.140684410646395,-0.25348542458808976,6622190.0,0.653031700993176,1.921428571428574,2.4291132382156433,50.40650406504062,94.0,61.7,53.86996904024765
1778803200,79.1,79.1,77.1,77.5,4808600,2026-05-15,MSN,2026-05-15,-2.0227560050568805,-3.366583541147139,-0.12886597938143174,0.9114583333333481,78.29,75.932,78.7235,77.99046097988422,-1.0090688465959952,2.0650055312648075,2.5284450063211126,-2.0227560050568827,6636500.0,0.7245686732464401,1.9857142857142875,2.5622119815668225,44.60431654676259,94.0,61.7,48.91640866873065
1779062400,77.1,77.3,76.4,76.5,5621700,2026-05-18,MSN,2026-05-18,-1.2903225806451646,-1.2903225806451646,-0.90673575129534,-1.9230769230769273,78.25500000000001,75.942,78.726,77.84851231513333,-2.2426682001150167,0.7347712728134725,1.1612903225806341,-0.7741935483870894,6701430.0,0.838880656815038,1.9071428571428584,2.492997198879553,43.97163120567375,94.0,61.7,45.820433436532504
1779148800,76.8,77.4,76.3,76.5,5113200,2026-05-19,MSN,2026-05-19,0.0,-1.5444015444015524,-1.9230769230769273,-1.9230769230769273,78.18,75.966,78.7295,77.72008257083492,-2.148887183422876,0.7029460548140021,1.4379084967320372,-0.3921568627450943,6589755.0,0.7759317303905836,1.8142857142857167,2.3716153127917865,47.32824427480915,94.0,61.7,45.820433436532504
1779235200,76.4,76.8,74.4,75.6,7861100,2026-05-20,MSN,2026-05-20,-1.176470588235301,-4.182509505703436,-4.905660377358501,-3.076923076923088,77.985,76.012,78.7195,77.51816994504112,-3.0582804385458795,-0.5420196811029898,3.137254901960773,-1.045751633986943,6302730.0,1.2472531744180697,1.9000000000000017,2.5132275132275157,43.47826086956518,94.0,61.7,43.034055727554154
1779321600,76.0,76.9,75.8,76.2,3550000,2026-05-21,MSN,2026-05-21,0.793650793650813,-3.6662452591656014,-4.5112781954887105,-3.7878787878787845,77.805,76.172,78.73949999999999,77.3926299502753,-2.062849431270486,0.036758914036671975,1.4550264550264664,0.2645502645502683,6219640.0,0.5707725849084513,1.9000000000000017,2.4934383202099757,47.826086956521756,94.0,61.7,44.89164086687307
1779408000,76.1,76.7,75.6,76.0,2603200,2026-05-22,MSN,2026-05-22,-0.2624671916010568,-1.9354838709677469,-3.797468354430378,-6.056860321384427,77.655,76.32600000000001,78.7545,77.25999852643956,-2.1312214281115183,-0.4271152687157831,1.4435695538057853,-0.13123359580051747,5977195.0,0.43552201325203543,1.8857142857142881,2.4812030075188,47.142857142857146,94.0,61.7,44.27244582043343
1779667200,76.0,77.3,75.7,77.2,4612600,2026-05-25,MSN,2026-05-25,1.5789473684210575,0.9150326797385588,-2.278481012658229,-3.8605230386052236,77.56500000000001,76.41,78.778,77.25428438106437,-0.4705730677496356,1.0338960868996327,2.1052631578947296,1.5789473684210564,5966620.0,0.7730674988519464,1.8714285714285726,2.424130273871208,52.000000000000036,94.0,61.7,47.98761609907121
1779753600,77.3,77.3,76.7,77.0,2637100,2026-05-26,MSN,2026-05-26,-0.2590673575129543,0.6535947712418277,-1.534526854219953,-4.228855721393043,77.50500000000001,76.488,78.8005,77.230066820963,-0.6515708663957342,0.6693860474845659,0.7772020725388528,-0.3886010362694264,5794885.0,0.4550737417567389,1.778571428571429,2.309833024118739,44.77611940298505,94.0,61.7,47.368421052631575
1779840000,77.3,77.5,76.5,76.5,3270300,2026-05-27,MSN,2026-05-27,-0.649350649350644,1.1904761904762085,-0.90673575129534,-3.164556962025311,77.47,76.54,78.8135,77.16053664753795,-1.2520975861623818,-0.052260256075264966,1.2987012987012987,-1.0389610389610353,5568365.0,0.5872998627065575,1.5714285714285725,2.0541549953314675,30.08849557522126,94.0,61.7,45.820433436532504
1779926400,76.6,76.9,75.5,75.5,3042800,2026-05-28,MSN,2026-05-28,-1.3071895424836555,-0.9186351706036766,-2.454780361757114,-3.6989795918367374,77.375,76.58,78.818,77.00239030015338,-2.4232633279482996,-1.410289892922434,1.8300653594771314,-1.4379084967320188,5533995.0,0.5498378657732795,1.500000000000001,1.9867549668874187,29.56521739130436,94.0,61.7,42.72445820433436
1780012800,75.8,75.8,74.7,74.7,3638900,2026-05-29,MSN,2026-05-29,-1.059602649006619,-1.7105263157894735,-2.734374999999989,-2.9870129870129825,77.27,76.566,78.8115,76.7831150334721,-3.325999741167329,-2.437113078912312,1.4569536423840983,-1.4569536423840983,5514495.0,0.6598791004434676,1.3428571428571436,1.7976668579078228,35.4166666666667,94.0,61.7,40.247678018575854
1780272000,74.8,75.2,74.2,74.7,2089100,2026-06-01,MSN,2026-06-01,0.0,-3.2383419689119175,-2.734374999999989,-1.7105263157894735,77.16499999999999,76.554,78.804,76.58472312552237,-3.1944534439188654,-2.4218198918410483,1.3386880856760375,-0.13386880856759614,5449880.0,0.3833295412009072,1.3142857142857147,1.7594186268885068,34.042553191489375,94.0,61.7,40.247678018575854
1780358400,74.7,74.8,73.2,73.2,3422300,2026-06-02,MSN,2026-06-02,-2.008032128514059,-4.935064935064936,-4.438642297650119,-2.7888446215139417,76.995,76.51,78.78649999999999,76.26236854213928,-4.928891486460163,-4.326231865115671,2.1419009370816524,-2.0080321285140563,5386410.0,0.6353582441737632,1.3000000000000003,1.7759562841530057,20.618556701030926,94.0,61.7,35.60371517027864
1780444800,73.1,75.1,72.6,75.1,3872000,2026-06-03,MSN,2026-06-03,2.595628415300544,-1.8300653594771288,-4.209183673469397,2.4556616643929052,76.83,76.586,78.752,76.15166677622126,-2.2517245867499702,-1.940302405139327,3.415300546448087,2.73224043715847,5289590.0,0.732003803697451,1.4142857142857141,1.883203347917063,32.456140350877206,94.0,61.7,41.48606811145509
1780531200,74.9,74.9,73.9,74.0,1879100,2026-06-04,MSN,2026-06-04,-1.464713715046595,-1.9867549668874163,-8.64197530864198,8.504398826979465,76.47999999999999,76.65,78.704,75.94674613086686,-3.24267782426777,-3.4572733202870243,1.3315579227696406,-1.1984021304926842,4595050.0,0.4089400550592485,1.357142857142856,1.8339768339768323,33.944954128440386,94.0,61.7,38.08049535603715
1780617600,74.3,74.3,73.0,73.1,2864100,2026-06-05,MSN,2026-06-05,-1.216216216216226,-2.1419009370816755,-8.85286783042395,7.027818448023426,76.125,76.67,78.64,75.67562745173667,-3.9737274220032925,-4.656319290465638,1.756756756756753,-1.6216216216216255,4297300.0,0.6664882600702767,1.3714285714285706,1.8760992769200693,34.25925925925925,94.0,62.3,34.069400630914814
1780876800,72.4,72.7,70.8,70.8,5812600,2026-06-08,MSN,2026-06-08,-3.146374829001364,-5.220883534136556,-8.645161290322589,-3.013698630136985,75.78999999999999,76.622,78.57,75.2112819801427,-6.58398205568016,-7.598339902377916,2.5991792065663555,-2.188782489740094,4178300.0,1.3911399372950721,1.4571428571428555,2.0581113801452764,28.244274809160316,94.0,63.0,25.161290322580637
1780963200,71.3,72.5,70.9,72.4,3417100,2026-06-09,MSN,2026-06-09,2.259887005649719,-1.0928961748633892,-6.821106821106815,-0.9575923392612706,75.525,76.628,78.51650000000001,74.94354083917673,-4.1377027474346235,-5.5175653808007485,2.2598870056497096,1.5536723163841928,4046010.0,0.8445604434986567,1.4071428571428564,1.9435674822415143,38.40579710144932,94.0,63.5,29.18032786885248
1781049600,72.2,72.3,71.6,71.9,1527900,2026-06-10,MSN,2026-06-10,-0.6906077348066253,-4.260985352862834,-8.871989860583017,-2.706359945872805,75.175,76.6,78.4565,74.6536798068742,-4.356501496508136,-6.135770234986926,0.9668508287292855,-0.41436464088397396,3798410.0,0.40224725608873185,1.3714285714285706,1.907411086826941,34.3065693430657,94.0,63.5,27.540983606557397
1781136000,71.5,71.8,71.0,71.0,1778000,2026-06-11,MSN,2026-06-11,-1.2517385257301838,-4.054054054054057,-10.240202275600495,-3.401360544217691,74.77,76.524,78.38650000000001,74.30571030145761,-5.042129196201683,-7.218650358057599,1.1126564673157122,-0.6954102920723226,3671085.0,0.4843254787072487,1.357142857142856,1.9114688128772621,32.638888888888886,94.0,63.5,24.59016393442623
1781222400,72.0,72.2,71.1,71.1,2524400,2026-06-12,MSN,2026-06-12,0.14084507042253502,-2.735978112175108,-8.258064516129037,-5.702917771883309,74.45,76.43599999999999,78.3225,74.00040455846164,-4.499664204163878,-6.981003715526713,1.5492957746478992,-1.267605633802825,3556875.0,0.7097241258126867,1.328571428571428,1.868595539481615,27.0676691729323,94.0,64.1,23.41137123745819
1781481600,72.1,72.8,71.9,72.2,2829700,2026-06-15,MSN,2026-06-15,1.5471167369901728,1.9774011299435124,-5.620915032679729,-4.116865869853914,74.23499999999999,76.342,78.262,73.82893745765577,-2.7412945376170006,-5.425584868093569,1.2658227848101147,0.14064697609002605,3417275.0,0.8280574434308038,1.4071428571428573,1.9489513256826276,33.09859154929579,94.0,64.1,27.090301003344504
1781568000,72.5,73.2,72.2,73.0,1998300,2026-06-16,MSN,2026-06-16,1.1080332409972193,0.828729281767937,-4.575163398692805,-3.183023872679047,74.05999999999999,76.28,78.222,73.74999103311713,-1.431271941668899,-4.299947561615102,1.3850415512465373,0.6925207756232686,3261530.0,0.612687910275239,1.4071428571428573,1.9275929549902155,37.93103448275862,94.0,64.3,29.292929292929298
1781654400,73.1,73.3,72.5,72.5,2463600,2026-06-17,MSN,2026-06-17,-0.6849315068493178,0.8344923504867818,-4.100529100529093,1.6830294530154388,73.905,76.224,78.187,73.63094426805836,-1.9010892361815857,-4.885600335852224,1.0958904109589003,-0.8219178082191704,2991655.0,0.8234906765653125,1.3642857142857139,1.8817733990147776,39.285714285714285,94.0,64.3,27.609427609427616
1781740800,72.5,73.2,72.1,72.1,2955300,2026-06-18,MSN,2026-06-18,-0.5517241379310422,1.5492957746478853,-5.380577427821532,1.836158192090398,73.7,76.16,78.142,73.4851400520528,-2.170963364993228,-5.330882352941179,1.5172413793103567,-0.5517241379310424,2961920.0,0.99776496326707,1.364285714285715,1.892213195957996,40.44117647058821,94.0,65.4,23.42657342657339
1781827200,72.2,72.6,72.0,72.0,2203100,2026-06-19,MSN,2026-06-19,-0.1386962552010984,1.2658227848101333,-5.263157894736848,-0.1386962552010984,73.5,76.098,78.09100000000001,73.34369814233348,-2.0408163265306145,-5.3851612394543835,0.8321775312066496,-0.27739251040222307,2941915.0,0.7488659597575049,1.3357142857142859,1.8551587301587305,40.145985401459846,94.0,66.1,21.14695340501794
1782086400,72.6,72.6,71.5,71.5,1679500,2026-06-22,MSN,2026-06-22,-0.694444444444442,-0.969529085872578,-7.383419689119175,-2.3224043715847076,73.215,75.974,78.033,73.16810784306362,-2.342416171549555,-5.888856714139057,1.52777777777777,-1.52777777777777,2795260.0,0.6008385624235313,1.3000000000000003,1.8181818181818183,43.30708661417322,94.0,66.1,19.354838709677434
1782172800,71.8,72.3,70.7,71.5,3924900,2026-06-23,MSN,2026-06-23,0.0,-2.0547945205479423,-7.14285714285714,-0.832177531206646,72.94,75.84400000000001,77.9755,73.00924042943852,-1.9742253907321095,-5.727546015505524,2.23776223776223,-0.4195804195804156,2859650.0,1.372510621929257,1.2357142857142855,1.728271728271728,33.33333333333337,94.0,66.1,19.354838709677434
1782259200,71.4,71.6,70.6,71.5,2086700,2026-06-24,MSN,2026-06-24,0.0,-1.379310344827589,-6.5359477124183,-2.4556616643929052,72.69,75.714,77.918,72.86550324568248,-1.6370890081166545,-5.565681379929732,1.3986013986013985,0.1398601398601319,2800470.0,0.7451249254589408,1.221428571428572,1.7082917082917088,37.113402061855695,94.0,66.1,19.354838709677434
1782345600,71.7,71.7,71.2,71.5,1092900,2026-06-25,MSN,2026-06-25,0.0,-0.832177531206646,-5.298013245033117,-4.411764705882348,72.49,75.604,77.8515,72.73545531752224,-1.365705614567525,-5.4282842177662545,0.6993006993006993,-0.2797202797202837,2702975.0,0.4043322635244499,1.164285714285715,1.6283716283716294,40.90909090909095,94.0,66.1,19.354838709677434
1782432000,71.4,71.5,70.9,71.4,1949700,2026-06-26,MSN,2026-06-26,-0.13986013986013734,-0.8333333333333304,-4.417670682730924,-5.430463576158928,72.325,75.48,77.7935,72.60826909680584,-1.2789491876944337,-5.405405405405405,0.8391608391608312,0.0,2618515.0,0.7445823300611224,1.0428571428571434,1.460584233693478,54.545454545454604,94.0,66.1,18.996415770609357
1782691200,71.6,72.1,71.4,72.1,2189400,2026-06-29,MSN,2026-06-29,0.9803921568627194,0.8391608391608241,-3.4805890227577074,-6.241872561768547,72.19500000000001,75.378,77.749,72.55986251615766,-0.13158806011498436,-4.3487489718485595,0.9803921568627292,0.7002801120448179,2623530.0,0.8345244765640187,0.971428571428571,1.3473350505250639,47.368421052631476,94.0,66.1,21.505376344086017
1782777600,72.2,72.7,71.6,72.1,2686774,2026-06-30,MSN,2026-06-30,0.0,0.8391608391608241,-1.5027322404371657,-5.256241787122207,72.14,75.26,77.7045,72.51606608604742,-0.05544774050458834,-4.198777571086909,1.5256588072122172,-0.13869625520112142,2586753.7,1.0386663407497976,0.9928571428571422,1.377055676639587,51.92307692307682,94.0,66.1,21.505376344086017
1782864000,72.0,72.3,72.0,72.0,289400,2026-07-01,MSN,2026-07-01,-0.1386962552010984,0.6993006993007089,-4.127829560585883,-4.3824701195219085,71.985,75.11,77.6595,72.46691693499528,0.020837674515528093,-4.140593795766212,0.4160887656033248,0.0,2407623.7,0.12020150823403175,0.9499999999999987,1.3194444444444426,61.36363636363642,94.0,66.1,21.14695340501794
