FeatureSet,Feature,Source
baseline_ohlc,TickerGapPct,baseline_ohlc
baseline_ohlc,TickerBodyPct,baseline_ohlc
baseline_ohlc,TickerRangePct,baseline_ohlc
baseline_ohlc,TickerUpperWickPct,baseline_ohlc
baseline_ohlc,TickerLowerWickPct,baseline_ohlc
baseline_ohlc,TickerRet1Pct,baseline_ohlc
baseline_ohlc,TickerRet5Pct,baseline_ohlc
baseline_ohlc,TickerRet20Pct,baseline_ohlc
baseline_ohlc,TickerDistSMA20Pct,baseline_ohlc
baseline_ohlc,TickerDistSMA50Pct,baseline_ohlc
baseline_ohlc,TickerRangePos20,baseline_ohlc
baseline_ohlc,TickerRangePos60,baseline_ohlc
baseline_ohlc,TickerVolRatio20,baseline_ohlc
baseline_ohlc,TickerVolatility10,baseline_ohlc
baseline_ohlc,TickerColorStreakState,baseline_ohlc
baseline_ohlc,TickerLimitProxyState,baseline_ohlc
baseline_ohlc,TickerShockState1D,baseline_ohlc
baseline_ohlc,TickerImpulseState3D,baseline_ohlc
baseline_ohlc,TickerWideRangeState,baseline_ohlc
baseline_ohlc,TickerTrendRegimeState,baseline_ohlc
baseline_ohlc,TickerCompressionState,baseline_ohlc
baseline_ohlc,TickerReclaimState,baseline_ohlc
baseline_ohlc,TickerRelativeRotationState,baseline_ohlc
baseline_ohlc,TickerExhaustionState,baseline_ohlc
baseline_ohlc,TickerDistPriorHigh20Pct,baseline_ohlc
baseline_ohlc,TickerGapToPriorHigh20Pct,baseline_ohlc
baseline_ohlc,TickerBreakoutHigh20State,baseline_ohlc
baseline_ohlc,TickerBreakoutClose20State,baseline_ohlc
baseline_ohlc,TickerBreakoutHigh20Age,baseline_ohlc
baseline_ohlc,TickerDistPriorHigh60Pct,baseline_ohlc
baseline_ohlc,TickerGapToPriorHigh60Pct,baseline_ohlc
baseline_ohlc,TickerBreakoutHigh60State,baseline_ohlc
baseline_ohlc,TickerBreakoutClose60State,baseline_ohlc
baseline_ohlc,TickerBreakoutHigh60Age,baseline_ohlc
baseline_ohlc,TickerDistPriorHigh120Pct,baseline_ohlc
baseline_ohlc,TickerGapToPriorHigh120Pct,baseline_ohlc
baseline_ohlc,TickerBreakoutHigh120State,baseline_ohlc
baseline_ohlc,TickerBreakoutClose120State,baseline_ohlc
baseline_ohlc,TickerBreakoutHigh120Age,baseline_ohlc
baseline_ohlc,TickerDistPriorHigh252Pct,baseline_ohlc
baseline_ohlc,TickerGapToPriorHigh252Pct,baseline_ohlc
baseline_ohlc,TickerBreakoutHigh252State,baseline_ohlc
baseline_ohlc,TickerBreakoutClose252State,baseline_ohlc
baseline_ohlc,TickerBreakoutHigh252Age,baseline_ohlc
baseline_ohlc,TickerWeekToDateRetPct,baseline_ohlc
baseline_ohlc,TickerWeekToDateRangePct,baseline_ohlc
baseline_ohlc,TickerWeekToDateVolumePctPrevWeek,baseline_ohlc
baseline_ohlc,TickerDistPrevWeekHighPct,baseline_ohlc
baseline_ohlc,TickerDistPrevWeekLowPct,baseline_ohlc
baseline_ohlc,TickerPrevWeekRetPct,baseline_ohlc
baseline_ohlc,TickerPrevWeekRangePct,baseline_ohlc
baseline_ohlc,TickerPrevWeekVolRatio4,baseline_ohlc
baseline_ohlc,Rel5Pct,baseline_ohlc
baseline_ohlc,Rel20Pct,baseline_ohlc
baseline_ohlc,Rel5PctVsVN30,baseline_ohlc
baseline_ohlc,RelWeekToDateRetPct,baseline_ohlc
baseline_ohlc,RelPrevWeekRetPct,baseline_ohlc
baseline_ohlc,Corr20,baseline_ohlc
baseline_ohlc,Beta20,baseline_ohlc
baseline_ohlc,IndexGapPct,baseline_ohlc
baseline_ohlc,IndexBodyPct,baseline_ohlc
baseline_ohlc,IndexRangePct,baseline_ohlc
baseline_ohlc,IndexRet1Pct,baseline_ohlc
baseline_ohlc,IndexRet5Pct,baseline_ohlc
baseline_ohlc,IndexRet20Pct,baseline_ohlc
baseline_ohlc,IndexDistSMA20Pct,baseline_ohlc
baseline_ohlc,IndexDistSMA50Pct,baseline_ohlc
baseline_ohlc,IndexRangePos20,baseline_ohlc
baseline_ohlc,IndexRangePos60,baseline_ohlc
baseline_ohlc,IndexVolRatio20,baseline_ohlc
baseline_ohlc,IndexVolatility10,baseline_ohlc
baseline_ohlc,IndexColorStreakState,baseline_ohlc
baseline_ohlc,IndexWeekToDateRetPct,baseline_ohlc
baseline_ohlc,IndexWeekToDateRangePct,baseline_ohlc
baseline_ohlc,IndexWeekToDateVolumePctPrevWeek,baseline_ohlc
baseline_ohlc,IndexDistPrevWeekHighPct,baseline_ohlc
baseline_ohlc,IndexDistPrevWeekLowPct,baseline_ohlc
baseline_ohlc,IndexPrevWeekRetPct,baseline_ohlc
baseline_ohlc,IndexPrevWeekRangePct,baseline_ohlc
baseline_ohlc,IndexPrevWeekVolRatio4,baseline_ohlc
baseline_ohlc,VN30Ret1Pct,baseline_ohlc
baseline_ohlc,VN30Ret5Pct,baseline_ohlc
baseline_ohlc,VN30Ret20Pct,baseline_ohlc
baseline_ohlc,VN30DistSMA20Pct,baseline_ohlc
baseline_ohlc,VN30RangePos20,baseline_ohlc
baseline_ohlc,VN30VolRatio20,baseline_ohlc
baseline_ohlc,VN30ColorStreakState,baseline_ohlc
baseline_ohlc,Corr20VN30,baseline_ohlc
baseline_ohlc,Beta20VN30,baseline_ohlc
baseline_ohlc,TickerRet1Pct_Lag1,baseline_ohlc
baseline_ohlc,TickerRet1Pct_Lag2,baseline_ohlc
baseline_ohlc,TickerRet1Pct_Lag3,baseline_ohlc
baseline_ohlc,TickerRangePct_Lag1,baseline_ohlc
baseline_ohlc,TickerRangePct_Lag2,baseline_ohlc
baseline_ohlc,TickerRangePct_Lag3,baseline_ohlc
baseline_ohlc,TickerVolRatio20_Lag1,baseline_ohlc
baseline_ohlc,TickerVolRatio20_Lag2,baseline_ohlc
baseline_ohlc,TickerVolRatio20_Lag3,baseline_ohlc
baseline_ohlc,TickerColorStreakState_Lag1,baseline_ohlc
baseline_ohlc,TickerColorStreakState_Lag2,baseline_ohlc
baseline_ohlc,TickerColorStreakState_Lag3,baseline_ohlc
baseline_ohlc,TickerLimitProxyState_Lag1,baseline_ohlc
baseline_ohlc,TickerLimitProxyState_Lag2,baseline_ohlc
baseline_ohlc,TickerLimitProxyState_Lag3,baseline_ohlc
baseline_ohlc,TickerShockState1D_Lag1,baseline_ohlc
baseline_ohlc,TickerShockState1D_Lag2,baseline_ohlc
baseline_ohlc,TickerShockState1D_Lag3,baseline_ohlc
baseline_ohlc,TickerImpulseState3D_Lag1,baseline_ohlc
baseline_ohlc,TickerImpulseState3D_Lag2,baseline_ohlc
baseline_ohlc,TickerImpulseState3D_Lag3,baseline_ohlc
baseline_ohlc,TickerWideRangeState_Lag1,baseline_ohlc
baseline_ohlc,TickerWideRangeState_Lag2,baseline_ohlc
baseline_ohlc,TickerWideRangeState_Lag3,baseline_ohlc
baseline_ohlc,TickerTrendRegimeState_Lag1,baseline_ohlc
baseline_ohlc,TickerTrendRegimeState_Lag2,baseline_ohlc
baseline_ohlc,TickerTrendRegimeState_Lag3,baseline_ohlc
baseline_ohlc,TickerCompressionState_Lag1,baseline_ohlc
baseline_ohlc,TickerCompressionState_Lag2,baseline_ohlc
baseline_ohlc,TickerCompressionState_Lag3,baseline_ohlc
baseline_ohlc,TickerReclaimState_Lag1,baseline_ohlc
baseline_ohlc,TickerReclaimState_Lag2,baseline_ohlc
baseline_ohlc,TickerReclaimState_Lag3,baseline_ohlc
baseline_ohlc,TickerRelativeRotationState_Lag1,baseline_ohlc
baseline_ohlc,TickerRelativeRotationState_Lag2,baseline_ohlc
baseline_ohlc,TickerRelativeRotationState_Lag3,baseline_ohlc
baseline_ohlc,TickerExhaustionState_Lag1,baseline_ohlc
baseline_ohlc,TickerExhaustionState_Lag2,baseline_ohlc
baseline_ohlc,TickerExhaustionState_Lag3,baseline_ohlc
baseline_ohlc,TickerBreakoutHigh20State_Lag1,baseline_ohlc
baseline_ohlc,TickerBreakoutHigh20State_Lag2,baseline_ohlc
baseline_ohlc,TickerBreakoutHigh20State_Lag3,baseline_ohlc
baseline_ohlc,TickerBreakoutHigh60State_Lag1,baseline_ohlc
baseline_ohlc,TickerBreakoutHigh60State_Lag2,baseline_ohlc
baseline_ohlc,TickerBreakoutHigh60State_Lag3,baseline_ohlc
baseline_ohlc,TickerBreakoutHigh120State_Lag1,baseline_ohlc
baseline_ohlc,TickerBreakoutHigh120State_Lag2,baseline_ohlc
baseline_ohlc,TickerBreakoutHigh120State_Lag3,baseline_ohlc
baseline_ohlc,TickerBreakoutHigh252State_Lag1,baseline_ohlc
baseline_ohlc,TickerBreakoutHigh252State_Lag2,baseline_ohlc
baseline_ohlc,TickerBreakoutHigh252State_Lag3,baseline_ohlc
baseline_ohlc,Rel5Pct_Lag1,baseline_ohlc
baseline_ohlc,Rel5Pct_Lag2,baseline_ohlc
baseline_ohlc,Rel5Pct_Lag3,baseline_ohlc
baseline_ohlc,Rel5PctVsVN30_Lag1,baseline_ohlc
baseline_ohlc,Rel5PctVsVN30_Lag2,baseline_ohlc
baseline_ohlc,Rel5PctVsVN30_Lag3,baseline_ohlc
baseline_ohlc,IndexRet1Pct_Lag1,baseline_ohlc
baseline_ohlc,IndexRet1Pct_Lag2,baseline_ohlc
baseline_ohlc,IndexRet1Pct_Lag3,baseline_ohlc
baseline_ohlc,IndexRangePct_Lag1,baseline_ohlc
baseline_ohlc,IndexRangePct_Lag2,baseline_ohlc
baseline_ohlc,IndexRangePct_Lag3,baseline_ohlc
baseline_ohlc,IndexColorStreakState_Lag1,baseline_ohlc
baseline_ohlc,IndexColorStreakState_Lag2,baseline_ohlc
baseline_ohlc,IndexColorStreakState_Lag3,baseline_ohlc
baseline_ohlc,VN30Ret1Pct_Lag1,baseline_ohlc
baseline_ohlc,VN30Ret1Pct_Lag2,baseline_ohlc
baseline_ohlc,VN30Ret1Pct_Lag3,baseline_ohlc
baseline_ohlc,VN30ColorStreakState_Lag1,baseline_ohlc
baseline_ohlc,VN30ColorStreakState_Lag2,baseline_ohlc
baseline_ohlc,VN30ColorStreakState_Lag3,baseline_ohlc
index_expiry_exvin,TickerGapPct,baseline_ohlc
index_expiry_exvin,TickerBodyPct,baseline_ohlc
index_expiry_exvin,TickerRangePct,baseline_ohlc
index_expiry_exvin,TickerUpperWickPct,baseline_ohlc
index_expiry_exvin,TickerLowerWickPct,baseline_ohlc
index_expiry_exvin,TickerRet1Pct,baseline_ohlc
index_expiry_exvin,TickerRet5Pct,baseline_ohlc
index_expiry_exvin,TickerRet20Pct,baseline_ohlc
index_expiry_exvin,TickerDistSMA20Pct,baseline_ohlc
index_expiry_exvin,TickerDistSMA50Pct,baseline_ohlc
index_expiry_exvin,TickerRangePos20,baseline_ohlc
index_expiry_exvin,TickerRangePos60,baseline_ohlc
index_expiry_exvin,TickerVolRatio20,baseline_ohlc
index_expiry_exvin,TickerVolatility10,baseline_ohlc
index_expiry_exvin,TickerColorStreakState,baseline_ohlc
index_expiry_exvin,TickerLimitProxyState,baseline_ohlc
index_expiry_exvin,TickerShockState1D,baseline_ohlc
index_expiry_exvin,TickerImpulseState3D,baseline_ohlc
index_expiry_exvin,TickerWideRangeState,baseline_ohlc
index_expiry_exvin,TickerTrendRegimeState,baseline_ohlc
index_expiry_exvin,TickerCompressionState,baseline_ohlc
index_expiry_exvin,TickerReclaimState,baseline_ohlc
index_expiry_exvin,TickerRelativeRotationState,baseline_ohlc
index_expiry_exvin,TickerExhaustionState,baseline_ohlc
index_expiry_exvin,TickerDistPriorHigh20Pct,baseline_ohlc
index_expiry_exvin,TickerGapToPriorHigh20Pct,baseline_ohlc
index_expiry_exvin,TickerBreakoutHigh20State,baseline_ohlc
index_expiry_exvin,TickerBreakoutClose20State,baseline_ohlc
index_expiry_exvin,TickerBreakoutHigh20Age,baseline_ohlc
index_expiry_exvin,TickerDistPriorHigh60Pct,baseline_ohlc
index_expiry_exvin,TickerGapToPriorHigh60Pct,baseline_ohlc
index_expiry_exvin,TickerBreakoutHigh60State,baseline_ohlc
index_expiry_exvin,TickerBreakoutClose60State,baseline_ohlc
index_expiry_exvin,TickerBreakoutHigh60Age,baseline_ohlc
index_expiry_exvin,TickerDistPriorHigh120Pct,baseline_ohlc
index_expiry_exvin,TickerGapToPriorHigh120Pct,baseline_ohlc
index_expiry_exvin,TickerBreakoutHigh120State,baseline_ohlc
index_expiry_exvin,TickerBreakoutClose120State,baseline_ohlc
index_expiry_exvin,TickerBreakoutHigh120Age,baseline_ohlc
index_expiry_exvin,TickerDistPriorHigh252Pct,baseline_ohlc
index_expiry_exvin,TickerGapToPriorHigh252Pct,baseline_ohlc
index_expiry_exvin,TickerBreakoutHigh252State,baseline_ohlc
index_expiry_exvin,TickerBreakoutClose252State,baseline_ohlc
index_expiry_exvin,TickerBreakoutHigh252Age,baseline_ohlc
index_expiry_exvin,TickerWeekToDateRetPct,baseline_ohlc
index_expiry_exvin,TickerWeekToDateRangePct,baseline_ohlc
index_expiry_exvin,TickerWeekToDateVolumePctPrevWeek,baseline_ohlc
index_expiry_exvin,TickerDistPrevWeekHighPct,baseline_ohlc
index_expiry_exvin,TickerDistPrevWeekLowPct,baseline_ohlc
index_expiry_exvin,TickerPrevWeekRetPct,baseline_ohlc
index_expiry_exvin,TickerPrevWeekRangePct,baseline_ohlc
index_expiry_exvin,TickerPrevWeekVolRatio4,baseline_ohlc
index_expiry_exvin,Rel5Pct,baseline_ohlc
index_expiry_exvin,Rel20Pct,baseline_ohlc
index_expiry_exvin,Rel5PctVsVN30,baseline_ohlc
index_expiry_exvin,RelWeekToDateRetPct,baseline_ohlc
index_expiry_exvin,RelPrevWeekRetPct,baseline_ohlc
index_expiry_exvin,Corr20,baseline_ohlc
index_expiry_exvin,Beta20,baseline_ohlc
index_expiry_exvin,IndexGapPct,baseline_ohlc
index_expiry_exvin,IndexBodyPct,baseline_ohlc
index_expiry_exvin,IndexRangePct,baseline_ohlc
index_expiry_exvin,IndexRet1Pct,baseline_ohlc
index_expiry_exvin,IndexRet5Pct,baseline_ohlc
index_expiry_exvin,IndexRet20Pct,baseline_ohlc
index_expiry_exvin,IndexDistSMA20Pct,baseline_ohlc
index_expiry_exvin,IndexDistSMA50Pct,baseline_ohlc
index_expiry_exvin,IndexRangePos20,baseline_ohlc
index_expiry_exvin,IndexRangePos60,baseline_ohlc
index_expiry_exvin,IndexVolRatio20,baseline_ohlc
index_expiry_exvin,IndexVolatility10,baseline_ohlc
index_expiry_exvin,IndexColorStreakState,baseline_ohlc
index_expiry_exvin,IndexWeekToDateRetPct,baseline_ohlc
index_expiry_exvin,IndexWeekToDateRangePct,baseline_ohlc
index_expiry_exvin,IndexWeekToDateVolumePctPrevWeek,baseline_ohlc
index_expiry_exvin,IndexDistPrevWeekHighPct,baseline_ohlc
index_expiry_exvin,IndexDistPrevWeekLowPct,baseline_ohlc
index_expiry_exvin,IndexPrevWeekRetPct,baseline_ohlc
index_expiry_exvin,IndexPrevWeekRangePct,baseline_ohlc
index_expiry_exvin,IndexPrevWeekVolRatio4,baseline_ohlc
index_expiry_exvin,VN30Ret1Pct,baseline_ohlc
index_expiry_exvin,VN30Ret5Pct,baseline_ohlc
index_expiry_exvin,VN30Ret20Pct,baseline_ohlc
index_expiry_exvin,VN30DistSMA20Pct,baseline_ohlc
index_expiry_exvin,VN30RangePos20,baseline_ohlc
index_expiry_exvin,VN30VolRatio20,baseline_ohlc
index_expiry_exvin,VN30ColorStreakState,baseline_ohlc
index_expiry_exvin,Corr20VN30,baseline_ohlc
index_expiry_exvin,Beta20VN30,baseline_ohlc
index_expiry_exvin,TickerRet1Pct_Lag1,baseline_ohlc
index_expiry_exvin,TickerRet1Pct_Lag2,baseline_ohlc
index_expiry_exvin,TickerRet1Pct_Lag3,baseline_ohlc
index_expiry_exvin,TickerRangePct_Lag1,baseline_ohlc
index_expiry_exvin,TickerRangePct_Lag2,baseline_ohlc
index_expiry_exvin,TickerRangePct_Lag3,baseline_ohlc
index_expiry_exvin,TickerVolRatio20_Lag1,baseline_ohlc
index_expiry_exvin,TickerVolRatio20_Lag2,baseline_ohlc
index_expiry_exvin,TickerVolRatio20_Lag3,baseline_ohlc
index_expiry_exvin,TickerColorStreakState_Lag1,baseline_ohlc
index_expiry_exvin,TickerColorStreakState_Lag2,baseline_ohlc
index_expiry_exvin,TickerColorStreakState_Lag3,baseline_ohlc
index_expiry_exvin,TickerLimitProxyState_Lag1,baseline_ohlc
index_expiry_exvin,TickerLimitProxyState_Lag2,baseline_ohlc
index_expiry_exvin,TickerLimitProxyState_Lag3,baseline_ohlc
index_expiry_exvin,TickerShockState1D_Lag1,baseline_ohlc
index_expiry_exvin,TickerShockState1D_Lag2,baseline_ohlc
index_expiry_exvin,TickerShockState1D_Lag3,baseline_ohlc
index_expiry_exvin,TickerImpulseState3D_Lag1,baseline_ohlc
index_expiry_exvin,TickerImpulseState3D_Lag2,baseline_ohlc
index_expiry_exvin,TickerImpulseState3D_Lag3,baseline_ohlc
index_expiry_exvin,TickerWideRangeState_Lag1,baseline_ohlc
index_expiry_exvin,TickerWideRangeState_Lag2,baseline_ohlc
index_expiry_exvin,TickerWideRangeState_Lag3,baseline_ohlc
index_expiry_exvin,TickerTrendRegimeState_Lag1,baseline_ohlc
index_expiry_exvin,TickerTrendRegimeState_Lag2,baseline_ohlc
index_expiry_exvin,TickerTrendRegimeState_Lag3,baseline_ohlc
index_expiry_exvin,TickerCompressionState_Lag1,baseline_ohlc
index_expiry_exvin,TickerCompressionState_Lag2,baseline_ohlc
index_expiry_exvin,TickerCompressionState_Lag3,baseline_ohlc
index_expiry_exvin,TickerReclaimState_Lag1,baseline_ohlc
index_expiry_exvin,TickerReclaimState_Lag2,baseline_ohlc
index_expiry_exvin,TickerReclaimState_Lag3,baseline_ohlc
index_expiry_exvin,TickerRelativeRotationState_Lag1,baseline_ohlc
index_expiry_exvin,TickerRelativeRotationState_Lag2,baseline_ohlc
index_expiry_exvin,TickerRelativeRotationState_Lag3,baseline_ohlc
index_expiry_exvin,TickerExhaustionState_Lag1,baseline_ohlc
index_expiry_exvin,TickerExhaustionState_Lag2,baseline_ohlc
index_expiry_exvin,TickerExhaustionState_Lag3,baseline_ohlc
index_expiry_exvin,TickerBreakoutHigh20State_Lag1,baseline_ohlc
index_expiry_exvin,TickerBreakoutHigh20State_Lag2,baseline_ohlc
index_expiry_exvin,TickerBreakoutHigh20State_Lag3,baseline_ohlc
index_expiry_exvin,TickerBreakoutHigh60State_Lag1,baseline_ohlc
index_expiry_exvin,TickerBreakoutHigh60State_Lag2,baseline_ohlc
index_expiry_exvin,TickerBreakoutHigh60State_Lag3,baseline_ohlc
index_expiry_exvin,TickerBreakoutHigh120State_Lag1,baseline_ohlc
index_expiry_exvin,TickerBreakoutHigh120State_Lag2,baseline_ohlc
index_expiry_exvin,TickerBreakoutHigh120State_Lag3,baseline_ohlc
index_expiry_exvin,TickerBreakoutHigh252State_Lag1,baseline_ohlc
index_expiry_exvin,TickerBreakoutHigh252State_Lag2,baseline_ohlc
index_expiry_exvin,TickerBreakoutHigh252State_Lag3,baseline_ohlc
index_expiry_exvin,Rel5Pct_Lag1,baseline_ohlc
index_expiry_exvin,Rel5Pct_Lag2,baseline_ohlc
index_expiry_exvin,Rel5Pct_Lag3,baseline_ohlc
index_expiry_exvin,Rel5PctVsVN30_Lag1,baseline_ohlc
index_expiry_exvin,Rel5PctVsVN30_Lag2,baseline_ohlc
index_expiry_exvin,Rel5PctVsVN30_Lag3,baseline_ohlc
index_expiry_exvin,IndexRet1Pct_Lag1,baseline_ohlc
index_expiry_exvin,IndexRet1Pct_Lag2,baseline_ohlc
index_expiry_exvin,IndexRet1Pct_Lag3,baseline_ohlc
index_expiry_exvin,IndexRangePct_Lag1,baseline_ohlc
index_expiry_exvin,IndexRangePct_Lag2,baseline_ohlc
index_expiry_exvin,IndexRangePct_Lag3,baseline_ohlc
index_expiry_exvin,IndexColorStreakState_Lag1,baseline_ohlc
index_expiry_exvin,IndexColorStreakState_Lag2,baseline_ohlc
index_expiry_exvin,IndexColorStreakState_Lag3,baseline_ohlc
index_expiry_exvin,VN30Ret1Pct_Lag1,baseline_ohlc
index_expiry_exvin,VN30Ret1Pct_Lag2,baseline_ohlc
index_expiry_exvin,VN30Ret1Pct_Lag3,baseline_ohlc
index_expiry_exvin,VN30ColorStreakState_Lag1,baseline_ohlc
index_expiry_exvin,VN30ColorStreakState_Lag2,baseline_ohlc
index_expiry_exvin,VN30ColorStreakState_Lag3,baseline_ohlc
index_expiry_exvin,DerivExpiryDay,index_expiry_exvin
index_expiry_exvin,DerivPreExpiry3Sessions,index_expiry_exvin
index_expiry_exvin,DerivPostExpiry3Sessions,index_expiry_exvin
index_expiry_exvin,DerivExpiryWeek,index_expiry_exvin
index_expiry_exvin,DerivDaysToExpiry,index_expiry_exvin
index_expiry_exvin,DerivDaysFromExpiry,index_expiry_exvin
index_expiry_exvin,DerivExpiryCyclePos,index_expiry_exvin
index_expiry_exvin,ExVinRet1Pct,index_expiry_exvin
index_expiry_exvin,ExVinRet5Pct,index_expiry_exvin
index_expiry_exvin,ExVinRet20Pct,index_expiry_exvin
index_expiry_exvin,ExVinRangePos20,index_expiry_exvin
index_expiry_exvin,ExVinRangePos60,index_expiry_exvin
index_expiry_exvin,ExVinVolatility10,index_expiry_exvin
index_expiry_exvin,VinBasketRet1Pct,index_expiry_exvin
index_expiry_exvin,VinBasketRet5Pct,index_expiry_exvin
index_expiry_exvin,VinBasketRet20Pct,index_expiry_exvin
index_expiry_exvin,VinBasketRangePos20,index_expiry_exvin
index_expiry_exvin,VNIndexRet1MinusExVinRet1Pct,index_expiry_exvin
index_expiry_exvin,VNIndexRet5MinusExVinRet5Pct,index_expiry_exvin
index_expiry_exvin,VNIndexRet20MinusExVinRet20Pct,index_expiry_exvin
index_expiry_exvin,TickerRet1MinusExVinRet1Pct,index_expiry_exvin
index_expiry_exvin,TickerRet5MinusExVinRet5Pct,index_expiry_exvin
index_expiry_exvin,TickerCorr20ExVin,index_expiry_exvin
index_expiry_exvin,TickerBeta20ExVin,index_expiry_exvin
index_expiry_exvin,DerivExpiryDay_Lag1,index_expiry_exvin
index_expiry_exvin,DerivExpiryDay_Lag2,index_expiry_exvin
index_expiry_exvin,DerivExpiryDay_Lag3,index_expiry_exvin
index_expiry_exvin,DerivPreExpiry3Sessions_Lag1,index_expiry_exvin
index_expiry_exvin,DerivPreExpiry3Sessions_Lag2,index_expiry_exvin
index_expiry_exvin,DerivPreExpiry3Sessions_Lag3,index_expiry_exvin
index_expiry_exvin,DerivPostExpiry3Sessions_Lag1,index_expiry_exvin
index_expiry_exvin,DerivPostExpiry3Sessions_Lag2,index_expiry_exvin
index_expiry_exvin,DerivPostExpiry3Sessions_Lag3,index_expiry_exvin
index_expiry_exvin,DerivExpiryWeek_Lag1,index_expiry_exvin
index_expiry_exvin,DerivExpiryWeek_Lag2,index_expiry_exvin
index_expiry_exvin,DerivExpiryWeek_Lag3,index_expiry_exvin
index_expiry_exvin,DerivDaysToExpiry_Lag1,index_expiry_exvin
index_expiry_exvin,DerivDaysToExpiry_Lag2,index_expiry_exvin
index_expiry_exvin,DerivDaysToExpiry_Lag3,index_expiry_exvin
index_expiry_exvin,DerivDaysFromExpiry_Lag1,index_expiry_exvin
index_expiry_exvin,DerivDaysFromExpiry_Lag2,index_expiry_exvin
index_expiry_exvin,DerivDaysFromExpiry_Lag3,index_expiry_exvin
index_expiry_exvin,DerivExpiryCyclePos_Lag1,index_expiry_exvin
index_expiry_exvin,DerivExpiryCyclePos_Lag2,index_expiry_exvin
index_expiry_exvin,DerivExpiryCyclePos_Lag3,index_expiry_exvin
index_expiry_exvin,ExVinRet1Pct_Lag1,index_expiry_exvin
index_expiry_exvin,ExVinRet1Pct_Lag2,index_expiry_exvin
index_expiry_exvin,ExVinRet1Pct_Lag3,index_expiry_exvin
index_expiry_exvin,ExVinRet5Pct_Lag1,index_expiry_exvin
index_expiry_exvin,ExVinRet5Pct_Lag2,index_expiry_exvin
index_expiry_exvin,ExVinRet5Pct_Lag3,index_expiry_exvin
index_expiry_exvin,ExVinRet20Pct_Lag1,index_expiry_exvin
index_expiry_exvin,ExVinRet20Pct_Lag2,index_expiry_exvin
index_expiry_exvin,ExVinRet20Pct_Lag3,index_expiry_exvin
index_expiry_exvin,ExVinRangePos20_Lag1,index_expiry_exvin
index_expiry_exvin,ExVinRangePos20_Lag2,index_expiry_exvin
index_expiry_exvin,ExVinRangePos20_Lag3,index_expiry_exvin
index_expiry_exvin,ExVinRangePos60_Lag1,index_expiry_exvin
index_expiry_exvin,ExVinRangePos60_Lag2,index_expiry_exvin
index_expiry_exvin,ExVinRangePos60_Lag3,index_expiry_exvin
index_expiry_exvin,ExVinVolatility10_Lag1,index_expiry_exvin
index_expiry_exvin,ExVinVolatility10_Lag2,index_expiry_exvin
index_expiry_exvin,ExVinVolatility10_Lag3,index_expiry_exvin
index_expiry_exvin,VinBasketRet1Pct_Lag1,index_expiry_exvin
index_expiry_exvin,VinBasketRet1Pct_Lag2,index_expiry_exvin
index_expiry_exvin,VinBasketRet1Pct_Lag3,index_expiry_exvin
index_expiry_exvin,VinBasketRet5Pct_Lag1,index_expiry_exvin
index_expiry_exvin,VinBasketRet5Pct_Lag2,index_expiry_exvin
index_expiry_exvin,VinBasketRet5Pct_Lag3,index_expiry_exvin
index_expiry_exvin,VinBasketRet20Pct_Lag1,index_expiry_exvin
index_expiry_exvin,VinBasketRet20Pct_Lag2,index_expiry_exvin
index_expiry_exvin,VinBasketRet20Pct_Lag3,index_expiry_exvin
index_expiry_exvin,VinBasketRangePos20_Lag1,index_expiry_exvin
index_expiry_exvin,VinBasketRangePos20_Lag2,index_expiry_exvin
index_expiry_exvin,VinBasketRangePos20_Lag3,index_expiry_exvin
index_expiry_exvin,VNIndexRet1MinusExVinRet1Pct_Lag1,index_expiry_exvin
index_expiry_exvin,VNIndexRet1MinusExVinRet1Pct_Lag2,index_expiry_exvin
index_expiry_exvin,VNIndexRet1MinusExVinRet1Pct_Lag3,index_expiry_exvin
index_expiry_exvin,VNIndexRet5MinusExVinRet5Pct_Lag1,index_expiry_exvin
index_expiry_exvin,VNIndexRet5MinusExVinRet5Pct_Lag2,index_expiry_exvin
index_expiry_exvin,VNIndexRet5MinusExVinRet5Pct_Lag3,index_expiry_exvin
index_expiry_exvin,VNIndexRet20MinusExVinRet20Pct_Lag1,index_expiry_exvin
index_expiry_exvin,VNIndexRet20MinusExVinRet20Pct_Lag2,index_expiry_exvin
index_expiry_exvin,VNIndexRet20MinusExVinRet20Pct_Lag3,index_expiry_exvin
index_expiry_exvin,TickerRet1MinusExVinRet1Pct_Lag1,index_expiry_exvin
index_expiry_exvin,TickerRet1MinusExVinRet1Pct_Lag2,index_expiry_exvin
index_expiry_exvin,TickerRet1MinusExVinRet1Pct_Lag3,index_expiry_exvin
index_expiry_exvin,TickerRet5MinusExVinRet5Pct_Lag1,index_expiry_exvin
index_expiry_exvin,TickerRet5MinusExVinRet5Pct_Lag2,index_expiry_exvin
index_expiry_exvin,TickerRet5MinusExVinRet5Pct_Lag3,index_expiry_exvin
index_expiry_exvin,TickerCorr20ExVin_Lag1,index_expiry_exvin
index_expiry_exvin,TickerCorr20ExVin_Lag2,index_expiry_exvin
index_expiry_exvin,TickerCorr20ExVin_Lag3,index_expiry_exvin
index_expiry_exvin,TickerBeta20ExVin_Lag1,index_expiry_exvin
index_expiry_exvin,TickerBeta20ExVin_Lag2,index_expiry_exvin
index_expiry_exvin,TickerBeta20ExVin_Lag3,index_expiry_exvin
engineered_all,TickerGapPct,baseline_ohlc
engineered_all,TickerBodyPct,baseline_ohlc
engineered_all,TickerRangePct,baseline_ohlc
engineered_all,TickerUpperWickPct,baseline_ohlc
engineered_all,TickerLowerWickPct,baseline_ohlc
engineered_all,TickerRet1Pct,baseline_ohlc
engineered_all,TickerRet5Pct,baseline_ohlc
engineered_all,TickerRet20Pct,baseline_ohlc
engineered_all,TickerDistSMA20Pct,baseline_ohlc
engineered_all,TickerDistSMA50Pct,baseline_ohlc
engineered_all,TickerRangePos20,baseline_ohlc
engineered_all,TickerRangePos60,baseline_ohlc
engineered_all,TickerVolRatio20,baseline_ohlc
engineered_all,TickerVolatility10,baseline_ohlc
engineered_all,TickerColorStreakState,baseline_ohlc
engineered_all,TickerLimitProxyState,baseline_ohlc
engineered_all,TickerShockState1D,baseline_ohlc
engineered_all,TickerImpulseState3D,baseline_ohlc
engineered_all,TickerWideRangeState,baseline_ohlc
engineered_all,TickerTrendRegimeState,baseline_ohlc
engineered_all,TickerCompressionState,baseline_ohlc
engineered_all,TickerReclaimState,baseline_ohlc
engineered_all,TickerRelativeRotationState,baseline_ohlc
engineered_all,TickerExhaustionState,baseline_ohlc
engineered_all,TickerDistPriorHigh20Pct,baseline_ohlc
engineered_all,TickerGapToPriorHigh20Pct,baseline_ohlc
engineered_all,TickerBreakoutHigh20State,baseline_ohlc
engineered_all,TickerBreakoutClose20State,baseline_ohlc
engineered_all,TickerBreakoutHigh20Age,baseline_ohlc
engineered_all,TickerDistPriorHigh60Pct,baseline_ohlc
engineered_all,TickerGapToPriorHigh60Pct,baseline_ohlc
engineered_all,TickerBreakoutHigh60State,baseline_ohlc
engineered_all,TickerBreakoutClose60State,baseline_ohlc
engineered_all,TickerBreakoutHigh60Age,baseline_ohlc
engineered_all,TickerDistPriorHigh120Pct,baseline_ohlc
engineered_all,TickerGapToPriorHigh120Pct,baseline_ohlc
engineered_all,TickerBreakoutHigh120State,baseline_ohlc
engineered_all,TickerBreakoutClose120State,baseline_ohlc
engineered_all,TickerBreakoutHigh120Age,baseline_ohlc
engineered_all,TickerDistPriorHigh252Pct,baseline_ohlc
engineered_all,TickerGapToPriorHigh252Pct,baseline_ohlc
engineered_all,TickerBreakoutHigh252State,baseline_ohlc
engineered_all,TickerBreakoutClose252State,baseline_ohlc
engineered_all,TickerBreakoutHigh252Age,baseline_ohlc
engineered_all,TickerWeekToDateRetPct,baseline_ohlc
engineered_all,TickerWeekToDateRangePct,baseline_ohlc
engineered_all,TickerWeekToDateVolumePctPrevWeek,baseline_ohlc
engineered_all,TickerDistPrevWeekHighPct,baseline_ohlc
engineered_all,TickerDistPrevWeekLowPct,baseline_ohlc
engineered_all,TickerPrevWeekRetPct,baseline_ohlc
engineered_all,TickerPrevWeekRangePct,baseline_ohlc
engineered_all,TickerPrevWeekVolRatio4,baseline_ohlc
engineered_all,Rel5Pct,baseline_ohlc
engineered_all,Rel20Pct,baseline_ohlc
engineered_all,Rel5PctVsVN30,baseline_ohlc
engineered_all,RelWeekToDateRetPct,baseline_ohlc
engineered_all,RelPrevWeekRetPct,baseline_ohlc
engineered_all,Corr20,baseline_ohlc
engineered_all,Beta20,baseline_ohlc
engineered_all,IndexGapPct,baseline_ohlc
engineered_all,IndexBodyPct,baseline_ohlc
engineered_all,IndexRangePct,baseline_ohlc
engineered_all,IndexRet1Pct,baseline_ohlc
engineered_all,IndexRet5Pct,baseline_ohlc
engineered_all,IndexRet20Pct,baseline_ohlc
engineered_all,IndexDistSMA20Pct,baseline_ohlc
engineered_all,IndexDistSMA50Pct,baseline_ohlc
engineered_all,IndexRangePos20,baseline_ohlc
engineered_all,IndexRangePos60,baseline_ohlc
engineered_all,IndexVolRatio20,baseline_ohlc
engineered_all,IndexVolatility10,baseline_ohlc
engineered_all,IndexColorStreakState,baseline_ohlc
engineered_all,IndexWeekToDateRetPct,baseline_ohlc
engineered_all,IndexWeekToDateRangePct,baseline_ohlc
engineered_all,IndexWeekToDateVolumePctPrevWeek,baseline_ohlc
engineered_all,IndexDistPrevWeekHighPct,baseline_ohlc
engineered_all,IndexDistPrevWeekLowPct,baseline_ohlc
engineered_all,IndexPrevWeekRetPct,baseline_ohlc
engineered_all,IndexPrevWeekRangePct,baseline_ohlc
engineered_all,IndexPrevWeekVolRatio4,baseline_ohlc
engineered_all,VN30Ret1Pct,baseline_ohlc
engineered_all,VN30Ret5Pct,baseline_ohlc
engineered_all,VN30Ret20Pct,baseline_ohlc
engineered_all,VN30DistSMA20Pct,baseline_ohlc
engineered_all,VN30RangePos20,baseline_ohlc
engineered_all,VN30VolRatio20,baseline_ohlc
engineered_all,VN30ColorStreakState,baseline_ohlc
engineered_all,Corr20VN30,baseline_ohlc
engineered_all,Beta20VN30,baseline_ohlc
engineered_all,TickerRet1Pct_Lag1,baseline_ohlc
engineered_all,TickerRet1Pct_Lag2,baseline_ohlc
engineered_all,TickerRet1Pct_Lag3,baseline_ohlc
engineered_all,TickerRangePct_Lag1,baseline_ohlc
engineered_all,TickerRangePct_Lag2,baseline_ohlc
engineered_all,TickerRangePct_Lag3,baseline_ohlc
engineered_all,TickerVolRatio20_Lag1,baseline_ohlc
engineered_all,TickerVolRatio20_Lag2,baseline_ohlc
engineered_all,TickerVolRatio20_Lag3,baseline_ohlc
engineered_all,TickerColorStreakState_Lag1,baseline_ohlc
engineered_all,TickerColorStreakState_Lag2,baseline_ohlc
engineered_all,TickerColorStreakState_Lag3,baseline_ohlc
engineered_all,TickerLimitProxyState_Lag1,baseline_ohlc
engineered_all,TickerLimitProxyState_Lag2,baseline_ohlc
engineered_all,TickerLimitProxyState_Lag3,baseline_ohlc
engineered_all,TickerShockState1D_Lag1,baseline_ohlc
engineered_all,TickerShockState1D_Lag2,baseline_ohlc
engineered_all,TickerShockState1D_Lag3,baseline_ohlc
engineered_all,TickerImpulseState3D_Lag1,baseline_ohlc
engineered_all,TickerImpulseState3D_Lag2,baseline_ohlc
engineered_all,TickerImpulseState3D_Lag3,baseline_ohlc
engineered_all,TickerWideRangeState_Lag1,baseline_ohlc
engineered_all,TickerWideRangeState_Lag2,baseline_ohlc
engineered_all,TickerWideRangeState_Lag3,baseline_ohlc
engineered_all,TickerTrendRegimeState_Lag1,baseline_ohlc
engineered_all,TickerTrendRegimeState_Lag2,baseline_ohlc
engineered_all,TickerTrendRegimeState_Lag3,baseline_ohlc
engineered_all,TickerCompressionState_Lag1,baseline_ohlc
engineered_all,TickerCompressionState_Lag2,baseline_ohlc
engineered_all,TickerCompressionState_Lag3,baseline_ohlc
engineered_all,TickerReclaimState_Lag1,baseline_ohlc
engineered_all,TickerReclaimState_Lag2,baseline_ohlc
engineered_all,TickerReclaimState_Lag3,baseline_ohlc
engineered_all,TickerRelativeRotationState_Lag1,baseline_ohlc
engineered_all,TickerRelativeRotationState_Lag2,baseline_ohlc
engineered_all,TickerRelativeRotationState_Lag3,baseline_ohlc
engineered_all,TickerExhaustionState_Lag1,baseline_ohlc
engineered_all,TickerExhaustionState_Lag2,baseline_ohlc
engineered_all,TickerExhaustionState_Lag3,baseline_ohlc
engineered_all,TickerBreakoutHigh20State_Lag1,baseline_ohlc
engineered_all,TickerBreakoutHigh20State_Lag2,baseline_ohlc
engineered_all,TickerBreakoutHigh20State_Lag3,baseline_ohlc
engineered_all,TickerBreakoutHigh60State_Lag1,baseline_ohlc
engineered_all,TickerBreakoutHigh60State_Lag2,baseline_ohlc
engineered_all,TickerBreakoutHigh60State_Lag3,baseline_ohlc
engineered_all,TickerBreakoutHigh120State_Lag1,baseline_ohlc
engineered_all,TickerBreakoutHigh120State_Lag2,baseline_ohlc
engineered_all,TickerBreakoutHigh120State_Lag3,baseline_ohlc
engineered_all,TickerBreakoutHigh252State_Lag1,baseline_ohlc
engineered_all,TickerBreakoutHigh252State_Lag2,baseline_ohlc
engineered_all,TickerBreakoutHigh252State_Lag3,baseline_ohlc
engineered_all,Rel5Pct_Lag1,baseline_ohlc
engineered_all,Rel5Pct_Lag2,baseline_ohlc
engineered_all,Rel5Pct_Lag3,baseline_ohlc
engineered_all,Rel5PctVsVN30_Lag1,baseline_ohlc
engineered_all,Rel5PctVsVN30_Lag2,baseline_ohlc
engineered_all,Rel5PctVsVN30_Lag3,baseline_ohlc
engineered_all,IndexRet1Pct_Lag1,baseline_ohlc
engineered_all,IndexRet1Pct_Lag2,baseline_ohlc
engineered_all,IndexRet1Pct_Lag3,baseline_ohlc
engineered_all,IndexRangePct_Lag1,baseline_ohlc
engineered_all,IndexRangePct_Lag2,baseline_ohlc
engineered_all,IndexRangePct_Lag3,baseline_ohlc
engineered_all,IndexColorStreakState_Lag1,baseline_ohlc
engineered_all,IndexColorStreakState_Lag2,baseline_ohlc
engineered_all,IndexColorStreakState_Lag3,baseline_ohlc
engineered_all,VN30Ret1Pct_Lag1,baseline_ohlc
engineered_all,VN30Ret1Pct_Lag2,baseline_ohlc
engineered_all,VN30Ret1Pct_Lag3,baseline_ohlc
engineered_all,VN30ColorStreakState_Lag1,baseline_ohlc
engineered_all,VN30ColorStreakState_Lag2,baseline_ohlc
engineered_all,VN30ColorStreakState_Lag3,baseline_ohlc
engineered_all,DerivExpiryDay,index_expiry_exvin
engineered_all,DerivPreExpiry3Sessions,index_expiry_exvin
engineered_all,DerivPostExpiry3Sessions,index_expiry_exvin
engineered_all,DerivExpiryWeek,index_expiry_exvin
engineered_all,DerivDaysToExpiry,index_expiry_exvin
engineered_all,DerivDaysFromExpiry,index_expiry_exvin
engineered_all,DerivExpiryCyclePos,index_expiry_exvin
engineered_all,ExVinRet1Pct,index_expiry_exvin
engineered_all,ExVinRet5Pct,index_expiry_exvin
engineered_all,ExVinRet20Pct,index_expiry_exvin
engineered_all,ExVinRangePos20,index_expiry_exvin
engineered_all,ExVinRangePos60,index_expiry_exvin
engineered_all,ExVinVolatility10,index_expiry_exvin
engineered_all,VinBasketRet1Pct,index_expiry_exvin
engineered_all,VinBasketRet5Pct,index_expiry_exvin
engineered_all,VinBasketRet20Pct,index_expiry_exvin
engineered_all,VinBasketRangePos20,index_expiry_exvin
engineered_all,VNIndexRet1MinusExVinRet1Pct,index_expiry_exvin
engineered_all,VNIndexRet5MinusExVinRet5Pct,index_expiry_exvin
engineered_all,VNIndexRet20MinusExVinRet20Pct,index_expiry_exvin
engineered_all,TickerRet1MinusExVinRet1Pct,index_expiry_exvin
engineered_all,TickerRet5MinusExVinRet5Pct,index_expiry_exvin
engineered_all,TickerCorr20ExVin,index_expiry_exvin
engineered_all,TickerBeta20ExVin,index_expiry_exvin
engineered_all,DerivExpiryDay_Lag1,index_expiry_exvin
engineered_all,DerivExpiryDay_Lag2,index_expiry_exvin
engineered_all,DerivExpiryDay_Lag3,index_expiry_exvin
engineered_all,DerivPreExpiry3Sessions_Lag1,index_expiry_exvin
engineered_all,DerivPreExpiry3Sessions_Lag2,index_expiry_exvin
engineered_all,DerivPreExpiry3Sessions_Lag3,index_expiry_exvin
engineered_all,DerivPostExpiry3Sessions_Lag1,index_expiry_exvin
engineered_all,DerivPostExpiry3Sessions_Lag2,index_expiry_exvin
engineered_all,DerivPostExpiry3Sessions_Lag3,index_expiry_exvin
engineered_all,DerivExpiryWeek_Lag1,index_expiry_exvin
engineered_all,DerivExpiryWeek_Lag2,index_expiry_exvin
engineered_all,DerivExpiryWeek_Lag3,index_expiry_exvin
engineered_all,DerivDaysToExpiry_Lag1,index_expiry_exvin
engineered_all,DerivDaysToExpiry_Lag2,index_expiry_exvin
engineered_all,DerivDaysToExpiry_Lag3,index_expiry_exvin
engineered_all,DerivDaysFromExpiry_Lag1,index_expiry_exvin
engineered_all,DerivDaysFromExpiry_Lag2,index_expiry_exvin
engineered_all,DerivDaysFromExpiry_Lag3,index_expiry_exvin
engineered_all,DerivExpiryCyclePos_Lag1,index_expiry_exvin
engineered_all,DerivExpiryCyclePos_Lag2,index_expiry_exvin
engineered_all,DerivExpiryCyclePos_Lag3,index_expiry_exvin
engineered_all,ExVinRet1Pct_Lag1,index_expiry_exvin
engineered_all,ExVinRet1Pct_Lag2,index_expiry_exvin
engineered_all,ExVinRet1Pct_Lag3,index_expiry_exvin
engineered_all,ExVinRet5Pct_Lag1,index_expiry_exvin
engineered_all,ExVinRet5Pct_Lag2,index_expiry_exvin
engineered_all,ExVinRet5Pct_Lag3,index_expiry_exvin
engineered_all,ExVinRet20Pct_Lag1,index_expiry_exvin
engineered_all,ExVinRet20Pct_Lag2,index_expiry_exvin
engineered_all,ExVinRet20Pct_Lag3,index_expiry_exvin
engineered_all,ExVinRangePos20_Lag1,index_expiry_exvin
engineered_all,ExVinRangePos20_Lag2,index_expiry_exvin
engineered_all,ExVinRangePos20_Lag3,index_expiry_exvin
engineered_all,ExVinRangePos60_Lag1,index_expiry_exvin
engineered_all,ExVinRangePos60_Lag2,index_expiry_exvin
engineered_all,ExVinRangePos60_Lag3,index_expiry_exvin
engineered_all,ExVinVolatility10_Lag1,index_expiry_exvin
engineered_all,ExVinVolatility10_Lag2,index_expiry_exvin
engineered_all,ExVinVolatility10_Lag3,index_expiry_exvin
engineered_all,VinBasketRet1Pct_Lag1,index_expiry_exvin
engineered_all,VinBasketRet1Pct_Lag2,index_expiry_exvin
engineered_all,VinBasketRet1Pct_Lag3,index_expiry_exvin
engineered_all,VinBasketRet5Pct_Lag1,index_expiry_exvin
engineered_all,VinBasketRet5Pct_Lag2,index_expiry_exvin
engineered_all,VinBasketRet5Pct_Lag3,index_expiry_exvin
engineered_all,VinBasketRet20Pct_Lag1,index_expiry_exvin
engineered_all,VinBasketRet20Pct_Lag2,index_expiry_exvin
engineered_all,VinBasketRet20Pct_Lag3,index_expiry_exvin
engineered_all,VinBasketRangePos20_Lag1,index_expiry_exvin
engineered_all,VinBasketRangePos20_Lag2,index_expiry_exvin
engineered_all,VinBasketRangePos20_Lag3,index_expiry_exvin
engineered_all,VNIndexRet1MinusExVinRet1Pct_Lag1,index_expiry_exvin
engineered_all,VNIndexRet1MinusExVinRet1Pct_Lag2,index_expiry_exvin
engineered_all,VNIndexRet1MinusExVinRet1Pct_Lag3,index_expiry_exvin
engineered_all,VNIndexRet5MinusExVinRet5Pct_Lag1,index_expiry_exvin
engineered_all,VNIndexRet5MinusExVinRet5Pct_Lag2,index_expiry_exvin
engineered_all,VNIndexRet5MinusExVinRet5Pct_Lag3,index_expiry_exvin
engineered_all,VNIndexRet20MinusExVinRet20Pct_Lag1,index_expiry_exvin
engineered_all,VNIndexRet20MinusExVinRet20Pct_Lag2,index_expiry_exvin
engineered_all,VNIndexRet20MinusExVinRet20Pct_Lag3,index_expiry_exvin
engineered_all,TickerRet1MinusExVinRet1Pct_Lag1,index_expiry_exvin
engineered_all,TickerRet1MinusExVinRet1Pct_Lag2,index_expiry_exvin
engineered_all,TickerRet1MinusExVinRet1Pct_Lag3,index_expiry_exvin
engineered_all,TickerRet5MinusExVinRet5Pct_Lag1,index_expiry_exvin
engineered_all,TickerRet5MinusExVinRet5Pct_Lag2,index_expiry_exvin
engineered_all,TickerRet5MinusExVinRet5Pct_Lag3,index_expiry_exvin
engineered_all,TickerCorr20ExVin_Lag1,index_expiry_exvin
engineered_all,TickerCorr20ExVin_Lag2,index_expiry_exvin
engineered_all,TickerCorr20ExVin_Lag3,index_expiry_exvin
engineered_all,TickerBeta20ExVin_Lag1,index_expiry_exvin
engineered_all,TickerBeta20ExVin_Lag2,index_expiry_exvin
engineered_all,TickerBeta20ExVin_Lag3,index_expiry_exvin
engineered_all,TickerRetStackMeanPct,engineered
engineered_all,TickerRetStackAbsMaxPct,engineered
engineered_all,TickerVsIndexRet5Pct,engineered
engineered_all,TickerVsIndexRet20Pct,engineered
engineered_all,TickerVsVN30Ret5Pct,engineered
engineered_all,TickerBreakoutStateCount,engineered
engineered_all,TickerRiskStateComposite,engineered
engineered_all,TickerDistSMA20PerVol10,engineered
engineered_all,TickerDistSMA50PerVol10,engineered
engineered_all,TickerRet20VolumePressure,engineered
engineered_all,TickerRangeVolumePressure,engineered
engineered_all,TickerWickImbalancePct,engineered
engineered_all,TickerRangePosSpread20v60,engineered
engineered_all,TickerPriorHighPressure20,engineered
engineered_all,TickerPriorHighPressure60,engineered
engineered_all,TickerPriorHighPressure120,engineered
engineered_all,TickerPriorHighPressure252,engineered
