Ticker,Status,Sector,Error
ACB,error,Không rõ,Vietstock company profile is missing the sector-level block
BID,error,Không rõ,Vietstock company profile is missing the sector-level block
BSR,error,Không rõ,Vietstock company profile is missing the sector-level block
CTG,error,Không rõ,Vietstock company profile is missing the sector-level block
FPT,error,Không rõ,Vietstock company profile is missing the sector-level block
GAS,error,Không rõ,Vietstock company profile is missing the sector-level block
GVR,error,Không rõ,Vietstock company profile is missing the sector-level block
HDB,error,Không rõ,Vietstock company profile is missing the sector-level block
HPG,error,Không rõ,Vietstock company profile is missing the sector-level block
LPB,error,Không rõ,Vietstock company profile is missing the sector-level block
MBB,error,Không rõ,Vietstock company profile is missing the sector-level block
MSN,error,Không rõ,Vietstock company profile is missing the sector-level block
MWG,error,Không rõ,Vietstock company profile is missing the sector-level block
PLX,error,Không rõ,Vietstock company profile is missing the sector-level block
SAB,error,Không rõ,Vietstock company profile is missing the sector-level block
SHB,error,Không rõ,Vietstock company profile is missing the sector-level block
SSB,error,Không rõ,Vietstock company profile is missing the sector-level block
SSI,error,Không rõ,Vietstock company profile is missing the sector-level block
STB,error,Không rõ,Vietstock company profile is missing the sector-level block
TCB,error,Không rõ,Vietstock company profile is missing the sector-level block
TPB,error,Không rõ,Vietstock company profile is missing the sector-level block
VCB,error,Không rõ,Vietstock company profile is missing the sector-level block
VHM,error,Không rõ,Vietstock company profile is missing the sector-level block
VIB,error,Không rõ,Vietstock company profile is missing the sector-level block
VIC,error,Bất động sản,Vietstock company profile is missing the sector-level block
VJC,error,Không rõ,Vietstock company profile is missing the sector-level block
VNM,error,Không rõ,Vietstock company profile is missing the sector-level block
VPB,error,Không rõ,Vietstock company profile is missing the sector-level block
VPL,error,Không rõ,Vietstock company profile is missing the sector-level block
VRE,error,Không rõ,Vietstock company profile is missing the sector-level block
